-- MySQL dump 10.16  Distrib 10.1.44-MariaDB, for debian-linux-gnu (x86_64)
--
-- Host: localhost    Database: BusDev01
-- ------------------------------------------------------
-- Server version	10.1.44-MariaDB-0ubuntu0.18.04.1

/*!40101 SET @OLD_CHARACTER_SET_CLIENT=@@CHARACTER_SET_CLIENT */;
/*!40101 SET @OLD_CHARACTER_SET_RESULTS=@@CHARACTER_SET_RESULTS */;
/*!40101 SET @OLD_COLLATION_CONNECTION=@@COLLATION_CONNECTION */;
/*!40101 SET NAMES utf8mb4 */;
/*!40103 SET @OLD_TIME_ZONE=@@TIME_ZONE */;
/*!40103 SET TIME_ZONE='+00:00' */;
/*!40014 SET @OLD_UNIQUE_CHECKS=@@UNIQUE_CHECKS, UNIQUE_CHECKS=0 */;
/*!40014 SET @OLD_FOREIGN_KEY_CHECKS=@@FOREIGN_KEY_CHECKS, FOREIGN_KEY_CHECKS=0 */;
/*!40101 SET @OLD_SQL_MODE=@@SQL_MODE, SQL_MODE='NO_AUTO_VALUE_ON_ZERO' */;
/*!40111 SET @OLD_SQL_NOTES=@@SQL_NOTES, SQL_NOTES=0 */;

--
-- Current Database: `BusDev01`
--

CREATE DATABASE /*!32312 IF NOT EXISTS*/ `BusDev01` /*!40100 DEFAULT CHARACTER SET utf8mb4 */;

USE `BusDev01`;

--
-- Table structure for table `ACCOUNTS`
--

DROP TABLE IF EXISTS `ACCOUNTS`;
/*!40101 SET @saved_cs_client     = @@character_set_client */;
/*!40101 SET character_set_client = utf8 */;
CREATE TABLE `ACCOUNTS` (
  `Address` varchar(45) NOT NULL,
  `COUNT` int(11) NOT NULL DEFAULT '0',
  `USES` int(11) NOT NULL DEFAULT '0',
  `V` varchar(45) NOT NULL,
  PRIMARY KEY (`Address`)
) ENGINE=InnoDB DEFAULT CHARSET=utf8mb4;
/*!40101 SET character_set_client = @saved_cs_client */;

--
-- Dumping data for table `ACCOUNTS`
--

LOCK TABLES `ACCOUNTS` WRITE;
/*!40000 ALTER TABLE `ACCOUNTS` DISABLE KEYS */;
INSERT INTO `ACCOUNTS` VALUES ('121oHbJ1NJU6pytS2Sxv5BcfmqB6z1j2Vv',0,0,'1'),('121zx7jtSojearJk6cpmAkQUPoDTbZBET3',0,0,'1'),('123DXbJ6ac1sZ1owmBTtF6StA8eWKdvgEu',0,0,'1'),('1253PjdUnQfY2bnSFVeh2Vh4deQraEf3rs',0,0,'1'),('126znDESbQ9KUTBbru2qxaENAujR6voVNK',0,0,'1'),('12MoBX4ee9hVQha59bzk21Ad7aCTkTM5yX',0,0,'1'),('12TXuWbpqfMeioAzSSeqhD3poFspZDfUJ1',0,0,'1'),('12yg36ZoDPYbUCrCNqQeaix4C4mV8w494B',0,0,'1'),('1375jnD5TXpX5rHUPzYGQkHZnsRHn2v41F',0,0,'1'),('13JqnfkaLreGM2Uzt8f4HMAiLAHHMicE9A',0,0,'1'),('13wSf9fj5BxvFcCdSKJ73XTnYHoKPMk1e5',0,0,'1'),('13zxMy9QZMepuKPJ8wb4iWaxjeXVDysvX3',0,0,'1'),('14Sp4V3tK2pySGD5YK1JTU57hM8hM7M9VV',0,0,'1'),('14teuBw4jeW5ZPsVwZhsGECaYc95CbMuEc',0,0,'1'),('14WFF21m99fVBkzsKCzwG2BUhrUe3hhBVr',0,0,'1'),('151Cm7xHeQtGxg2UavZRAnqHDmj8fvpqWx',0,0,'1'),('15aWHviRzgM56YCEXBnx4EHjSbf1rJ72ES',0,0,'1'),('15qV3Evv9pdxHkThm19h4GgK2gxf4UfdC2',0,0,'1'),('15sSeA9hhSUXayWVkqzUvMAxT9JfenVy3h',0,0,'1'),('15SSNbm7MJ4EJfrJpTnDY4MZxQ4caj5MMi',0,0,'1'),('15TGtRXNpe6rpYLxavfEAb95ZquJpSTrSY',0,0,'1'),('17dxxqZUyejxsfqUDUz8cJL4ZQCoksDNwm',0,0,'1'),('17fWrnxx3jMftttrJwXfnx35DifS7w6hE9',0,0,'1'),('17k4Gs1RHhTEcfQ4oX4U8C33Armg3ggeAC',0,0,'1'),('17tngyFHvZwEBaUZozJE7uxiRsyKtrwnuh',0,0,'1'),('17wsgGksV8MnNXQyk7EcFp1Jxf4NRNm1jr',0,0,'1'),('18bbU3e8ykBQBtewvFv3QiLUW49tNMTs63',0,0,'1'),('18DBfZTEjKS9yFL6nnCSLuZnj3gcaT1xwY',0,0,'1'),('18fGwoq82QQVcAnLjPGdnQYWLmD42p7xU5',0,0,'1'),('18iA6mGdoRKroaWjSFc3ygqte7nxQc4w5J',0,0,'1'),('18mGajZBAi6b9AfwmXiteANW2HwSwsvARq',0,0,'1'),('18sHbXsjpQF4CJ53UWmaJcC1PAADqG1f1w',0,0,'1'),('19iAEUbC57VsbbSGPp7uaATQTf98V4mx77',0,0,'1'),('19rBVmtnRaWHyLDt9TmNK5y6vmGFUwp95V',0,0,'1'),('19ssdAioVaHpRt2bn3gYoVCFhdBYfyfELQ',0,0,'1'),('1AawwsdDniytxtt5fsnvHBASHywRmp2nr4',0,0,'1'),('1ACVLTST4G1CpA23jGuG5tS1WP373PoBVc',0,0,'1'),('1AcVqu2AAn1guwxFdzciW1samRyf9B9z7j',0,0,'1'),('1AmiRPUX7cCspkUupqVcax61zqCAEpEQow',0,0,'1'),('1AnmKKYh4hH8w5TKMWk6xfUud4HYD7k4xW',0,0,'1'),('1Arg2EF7vzVdzu2hXsoFfewYMiCVtkxPvE',0,0,'1'),('1B9PT5HzPXCR2hboenxZaQQCsciWVeaxYP',0,0,'1'),('1BJZQ2kLUh9xoyRq7s88dYkVoConhBJs5L',0,0,'1'),('1Boufb5fogvooNfcW5MUFwXiKyesym1oed',0,0,'1'),('1C4vvWAjeuWUUpR88f2AbW7kFA1GXYcn1G',0,0,'1'),('1CQdQKs9cJrHKKg7s6S6ZTA9RbwpbTbGy9',0,0,'1'),('1CwegppQyMirtwVC1nkxEwCCt4MaGjmBG9',0,0,'1'),('1DfcJL3wipqRVeWVU9Eev3nsLkXJXdUzgs',0,0,'1'),('1Dgj6pZ76hdA9kZpxhDJyECFUMta1CPdXj',0,0,'1'),('1Dh1FDKNLfYNKrRS8GV633xiQ9gs6tPJVp',0,0,'1'),('1E855pzsBrQGWB8dp9vv2nQBdmtaKZ53yw',0,0,'1'),('1ebeHFPJbNNizDzgBKB1cAFZPsdc2fq2F',0,0,'1'),('1eCBVn1s5i8vKoRktYMW2kpLoMGuTLytT',0,0,'1'),('1ErAQq8aBSMjWAgsJyQeTYwzWsb2YYtS2K',0,0,'1'),('1F4d5RnfPwne5aZsq7kqjHufMvuCoJMdAF',0,0,'1'),('1f4eLHZEJ6C8WqGgL1w6JsM714xE5643k',0,0,'1'),('1Fg4Zm4U8STWa9whh2KenCJbyKxKqcQAaW',0,0,'1'),('1FmBCvT7y39LmFJSSSHPn9PpjrUjfSVTEL',0,0,'1'),('1FTCg61Kb6LMx5Uqis8Txgbd95tocnzF1s',0,0,'1'),('1FzMzTBLURVJwqvDqwfDY2pD3AZGaCuWgp',0,0,'1'),('1G3aG8pFvWW9hviNe8PTy5r5TKpQ6MSX8L',0,0,'1'),('1GrVrwUxDzngwZ7dwArsfygvagSgEAPv9c',0,0,'1'),('1H6tdGFXfJapCtkr2pwV5Na7Q96qmWYYrM',0,0,'1'),('1HbCCNiRNEazMH4BYAhujyQY9TT2Z4pqZ3',0,0,'1'),('1HBREAjqyPetK2wvv4Beuh7gvQkBsTTzqU',0,0,'1'),('1HSr9BchKwjDNp6qNdZ7DenLjhrbxZCSGP',0,0,'1'),('1Hx3gSNMSVDA5HuMAX1VXFJ9MdqbMViTia',0,0,'1'),('1Jcxh7CFDj7dmtTt3kk6uiy6Rd27hKLS6L',0,0,'1'),('1JEKp4RschtQTVAM8MUXyVqMHaajkgZUx2',0,0,'1'),('1JiYnyUemHe1VDkJYsz3f7XBdRxXfWKN1y',0,0,'1'),('1JKpQeNTv7BNAhccuVVoHGWMV76zT64hkB',0,0,'1'),('1jppZd8Vp187GnTRSa22chModjYcKbxh3',0,0,'1'),('1K9YbQXWdd3XnTArLshGt2QjH5Rjd6ARbh',0,0,'1'),('1KavMPRbEduVuasRwF65ffWQriHmZ2BT4U',0,0,'1'),('1KHSekBqrski52fz2p437jS6dpXDEbA7qY',0,0,'1'),('1Ki6nFfuC9AXXVUAKrgX6LVZxKMQWCTV2f',0,0,'1'),('1KoQLtXMtK9QdaFvCborQ9ZmhkDS9UunWZ',0,0,'1'),('1KRUrvuFMgHZ6Gmk7ZxVLXgev6k4UTAaHA',0,0,'1'),('1KVtasX8eKWCUEJidmrdopcRzY7AdwEnQg',0,0,'1'),('1Ky4w1gkrKe2qafkobfTVwUBc8LSXuZYNS',0,0,'1'),('1L7JZ3bR7EAmU9hUZmAYbwb3tm8927ZTbn',0,0,'1'),('1Lbwu7EbfXtkQRCTbfCC9Wqe5VFuAWm85o',0,0,'1'),('1LgX17dkqxL9Evy2CMUvbRNa3ZvUa95k7i',0,0,'1'),('1LNagQSzrjN5Q6srnoRGiDgMdPs7zWf36d',0,0,'1'),('1LpH8nGhq2zjEk5EdwuxbHB5PfTpPpiAu2',0,0,'1'),('1LYzsisHj2JaGAe4FSRBgW1gq5WcjCWtZr',0,0,'1'),('1MbpC21mycmS4gZs1Tnxp4AQmKA3XFFG4X',0,0,'1'),('1MFB87JZo8PqsR9YxSonFa1PvnhV75GMZU',0,0,'1'),('1Mt1mHWrjVA5MQYexFa2vEEvWZiuUSCgVm',0,0,'1'),('1NbSsziS3jt85sNMY5RpfuL5qSMsN3V2Ci',0,0,'1'),('1NH6yvdwHvitjLTrTr8zThcU44PWnqZrQH',1,1,'1'),('1NXVZrPHKHG9RJ6MLzQxP3FYJVHXVj9oMp',1,1,'1'),('1Nyc9NNe5TBMPuLbU1vFm96sKEfKq5p1T9',1,1,'1'),('1P8aij7zhfXJXLZGA1ryw6nhk6wtTReVJn',1,1,'1'),('1PM4C6MocqPgFpVEtmU5JYMeTkEbiFz4H6',1,1,'1'),('1PyKeafVjHuxJykXztcjrPxmZwWDGUsZtV',1,1,'1'),('1Q4zGxMAHddMiLcpDmVeYABsXUEkqJRtKT',1,1,'1'),('1ridgm4ARreVTpZjU6mzppESBrbpXRAWC',1,1,'1'),('1TCNoeZzzrxhNSc5LgDniFexUiraTxAXk',1,1,'1'),('1XBrW18hSWbwMUXDnQ5JDVS3dRuwkk4pY',1,1,'1');
/*!40000 ALTER TABLE `ACCOUNTS` ENABLE KEYS */;
UNLOCK TABLES;

--
-- Table structure for table `DESCRIPTION`
--

DROP TABLE IF EXISTS `DESCRIPTION`;
/*!40101 SET @saved_cs_client     = @@character_set_client */;
/*!40101 SET character_set_client = utf8 */;
CREATE TABLE `DESCRIPTION` (
  `Name` varchar(150) DEFAULT NULL,
  `Address` varchar(255) DEFAULT NULL,
  `City` varchar(255) DEFAULT NULL,
  `State` varchar(2) DEFAULT NULL
) ENGINE=InnoDB DEFAULT CHARSET=utf8mb4;
/*!40101 SET character_set_client = @saved_cs_client */;

--
-- Dumping data for table `DESCRIPTION`
--

LOCK TABLES `DESCRIPTION` WRITE;
/*!40000 ALTER TABLE `DESCRIPTION` DISABLE KEYS */;
INSERT INTO `DESCRIPTION` VALUES ('Gateway Technologies','4405 Westside Drive','Brownsburg','IN');
/*!40000 ALTER TABLE `DESCRIPTION` ENABLE KEYS */;
UNLOCK TABLES;

--
-- Table structure for table `TRANSACTIONS`
--

DROP TABLE IF EXISTS `TRANSACTIONS`;
/*!40101 SET @saved_cs_client     = @@character_set_client */;
/*!40101 SET character_set_client = utf8 */;
CREATE TABLE `TRANSACTIONS` (
  `tranID` int(11) NOT NULL AUTO_INCREMENT,
  `ACCOUNT` varchar(45) NOT NULL,
  `AMT` decimal(38,2) NOT NULL,
  `FEE` decimal(38,2) NOT NULL,
  `TOTAL` decimal(38,2) NOT NULL,
  `TOTALBTC` decimal(38,8) NOT NULL,
  `DATE` timestamp NOT NULL DEFAULT CURRENT_TIMESTAMP,
  `STATUS` int(11) NOT NULL DEFAULT '0',
  PRIMARY KEY (`tranID`)
) ENGINE=InnoDB AUTO_INCREMENT=607 DEFAULT CHARSET=utf8mb4;
/*!40101 SET character_set_client = @saved_cs_client */;

--
-- Dumping data for table `TRANSACTIONS`
--

LOCK TABLES `TRANSACTIONS` WRITE;
/*!40000 ALTER TABLE `TRANSACTIONS` DISABLE KEYS */;
INSERT INTO `TRANSACTIONS` VALUES (1,'bloop',24.00,1.00,25.00,0.09586700,'2020-07-07 17:51:55',0),(2,'bloop',24.00,1.00,25.00,0.09586700,'2020-07-07 17:53:12',0),(3,'bloop',24.00,1.00,25.00,0.09586700,'2020-07-07 17:54:07',0),(4,'bloop',24.00,1.00,25.00,0.09586700,'2020-07-07 17:55:54',0),(5,'14teuBw4jeW5ZPsVwZhsGECaYc95CbMuEc',54.17,1.00,55.17,0.00594085,'2020-07-07 18:01:35',0),(6,'14Sp4V3tK2pySGD5YK1JTU57hM8hM7M9VV',54.17,1.00,55.17,0.00594085,'2020-07-07 18:01:39',0),(7,'13zxMy9QZMepuKPJ8wb4iWaxjeXVDysvX3',54.17,1.00,55.17,0.00594085,'2020-07-07 18:01:41',0),(8,'13wSf9fj5BxvFcCdSKJ73XTnYHoKPMk1e5',54.17,1.00,55.17,0.00594170,'2020-07-07 18:03:04',0),(9,'12yg36ZoDPYbUCrCNqQeaix4C4mV8w494B',54.17,1.00,55.17,0.00594775,'2020-07-07 18:34:06',0),(10,'12TXuWbpqfMeioAzSSeqhD3poFspZDfUJ1',54.17,1.00,55.17,0.00595019,'2020-07-07 18:34:44',0),(11,'12MoBX4ee9hVQha59bzk21Ad7aCTkTM5yX',54.17,1.00,55.17,0.00595288,'2020-07-07 18:37:29',0),(12,'126znDESbQ9KUTBbru2qxaENAujR6voVNK',54.17,1.00,55.17,0.00595332,'2020-07-07 18:39:53',0),(13,'1253PjdUnQfY2bnSFVeh2Vh4deQraEf3rs',54.17,1.00,55.17,0.00595454,'2020-07-07 18:41:13',0),(14,'123DXbJ6ac1sZ1owmBTtF6StA8eWKdvgEu',54.17,1.00,55.17,0.00595454,'2020-07-07 18:41:51',0),(15,'121oHbJ1NJU6pytS2Sxv5BcfmqB6z1j2Vv',54.17,1.00,55.17,0.00595481,'2020-07-07 18:42:45',0),(16,'121zx7jtSojearJk6cpmAkQUPoDTbZBET3',54.17,1.00,55.17,0.00595481,'2020-07-07 18:42:49',0),(17,'1XBrW18hSWbwMUXDnQ5JDVS3dRuwkk4pY',54.17,1.00,55.17,0.00595417,'2020-07-07 18:45:51',0),(18,'1TCNoeZzzrxhNSc5LgDniFexUiraTxAXk',54.17,1.00,55.17,0.00595366,'2020-07-07 18:47:19',0),(19,'1ridgm4ARreVTpZjU6mzppESBrbpXRAWC',54.17,1.00,55.17,0.00595366,'2020-07-07 18:48:06',0),(20,'1Q4zGxMAHddMiLcpDmVeYABsXUEkqJRtKT',54.17,1.00,55.17,0.00593003,'2020-07-08 03:29:46',0),(21,'1PM4C6MocqPgFpVEtmU5JYMeTkEbiFz4H6',54.17,1.00,55.17,0.00593971,'2020-07-08 03:44:32',0),(22,'1P8aij7zhfXJXLZGA1ryw6nhk6wtTReVJn',54.17,1.00,55.17,0.00594142,'2020-07-08 03:45:21',0),(23,'1Nyc9NNe5TBMPuLbU1vFm96sKEfKq5p1T9',54.17,1.00,55.17,0.00594089,'2020-07-08 03:46:39',0),(24,'yeee',4.00,1.00,5.00,0.00500000,'2020-07-08 03:49:29',0),(25,'1NXVZrPHKHG9RJ6MLzQxP3FYJVHXVj9oMp',54.17,1.00,55.17,0.00593906,'2020-07-08 03:50:57',0),(26,'1NH6yvdwHvitjLTrTr8zThcU44PWnqZrQH',54.17,1.00,55.17,0.00593838,'2020-07-08 03:51:38',0),(27,'1NbSsziS3jt85sNMY5RpfuL5qSMsN3V2Ci',54.17,1.00,55.17,0.00593839,'2020-07-08 03:52:27',0),(28,'1Mt1mHWrjVA5MQYexFa2vEEvWZiuUSCgVm',54.17,1.00,55.17,0.00593788,'2020-07-08 03:53:23',0),(29,'1MFB87JZo8PqsR9YxSonFa1PvnhV75GMZU',54.17,1.00,55.17,0.00593565,'2020-07-08 03:54:14',0),(30,'1MbpC21mycmS4gZs1Tnxp4AQmKA3XFFG4X',54.17,1.00,55.17,0.00593374,'2020-07-08 03:55:22',0),(31,'1LYzsisHj2JaGAe4FSRBgW1gq5WcjCWtZr',54.17,1.00,55.17,0.00593159,'2020-07-08 03:57:26',0),(32,'1LpH8nGhq2zjEk5EdwuxbHB5PfTpPpiAu2',54.17,1.00,55.17,0.00593014,'2020-07-08 03:58:13',0),(33,'1LNagQSzrjN5Q6srnoRGiDgMdPs7zWf36d',54.17,1.00,55.17,0.00593014,'2020-07-08 03:58:52',0),(34,'1LgX17dkqxL9Evy2CMUvbRNa3ZvUa95k7i',54.17,1.00,55.17,0.00593014,'2020-07-08 03:59:11',0),(35,'1Lbwu7EbfXtkQRCTbfCC9Wqe5VFuAWm85o',54.17,1.00,55.17,0.00593062,'2020-07-08 04:00:00',0),(36,'1L7JZ3bR7EAmU9hUZmAYbwb3tm8927ZTbn',54.17,1.00,55.17,0.00592803,'2020-07-08 04:00:49',0),(37,'1Ky4w1gkrKe2qafkobfTVwUBc8LSXuZYNS',54.17,1.00,55.17,0.00594231,'2020-07-08 04:24:17',0),(38,'1KVtasX8eKWCUEJidmrdopcRzY7AdwEnQg',54.17,1.00,55.17,0.00594114,'2020-07-08 04:27:08',0),(39,'1KRUrvuFMgHZ6Gmk7ZxVLXgev6k4UTAaHA',54.17,1.00,55.17,0.00594206,'2020-07-08 04:27:54',0),(40,'1KoQLtXMtK9QdaFvCborQ9ZmhkDS9UunWZ',54.17,1.00,55.17,0.00594206,'2020-07-08 04:28:09',0),(41,'1Ki6nFfuC9AXXVUAKrgX6LVZxKMQWCTV2f',54.17,1.00,55.17,0.00595655,'2020-07-08 04:59:07',0),(42,'1KHSekBqrski52fz2p437jS6dpXDEbA7qY',54.17,1.00,55.17,0.00594901,'2020-07-08 05:19:45',0),(43,'1KavMPRbEduVuasRwF65ffWQriHmZ2BT4U',54.17,1.00,55.17,0.00594927,'2020-07-08 05:23:30',0),(44,'1K9YbQXWdd3XnTArLshGt2QjH5Rjd6ARbh',54.17,1.00,55.17,0.00595899,'2020-07-08 05:32:01',0),(45,'1jppZd8Vp187GnTRSa22chModjYcKbxh3',54.17,1.00,55.17,0.00595830,'2020-07-08 05:34:14',0),(46,'1JKpQeNTv7BNAhccuVVoHGWMV76zT64hkB',54.17,1.00,55.17,0.00595521,'2020-07-08 05:43:40',0),(47,'1JiYnyUemHe1VDkJYsz3f7XBdRxXfWKN1y',54.17,1.00,55.17,0.00595411,'2020-07-08 05:44:41',0),(48,'1JEKp4RschtQTVAM8MUXyVqMHaajkgZUx2',54.17,1.00,55.17,0.00594824,'2020-07-08 05:45:18',0),(49,'1Jcxh7CFDj7dmtTt3kk6uiy6Rd27hKLS6L',54.17,1.00,55.17,0.00594195,'2020-07-08 07:21:11',0),(50,'1Hx3gSNMSVDA5HuMAX1VXFJ9MdqbMViTia',54.17,1.00,55.17,0.00594167,'2020-07-08 07:21:58',0),(51,'1HSr9BchKwjDNp6qNdZ7DenLjhrbxZCSGP',54.17,1.00,55.17,0.00594279,'2020-07-08 07:30:32',0),(52,'1HBREAjqyPetK2wvv4Beuh7gvQkBsTTzqU',54.17,1.00,55.17,0.00594073,'2020-07-08 07:46:48',0),(53,'1HbCCNiRNEazMH4BYAhujyQY9TT2Z4pqZ3',54.17,1.00,55.17,0.00594073,'2020-07-08 07:47:07',0),(54,'1H6tdGFXfJapCtkr2pwV5Na7Q96qmWYYrM',54.17,1.00,55.17,0.00594057,'2020-07-08 07:48:27',0),(55,'1GrVrwUxDzngwZ7dwArsfygvagSgEAPv9c',54.17,1.00,55.17,0.00594057,'2020-07-08 07:48:29',0),(56,'1G3aG8pFvWW9hviNe8PTy5r5TKpQ6MSX8L',54.17,1.00,55.17,0.00594057,'2020-07-08 07:48:32',0),(57,'1FzMzTBLURVJwqvDqwfDY2pD3AZGaCuWgp',54.17,1.00,55.17,0.00594057,'2020-07-08 07:48:33',0),(58,'1FTCg61Kb6LMx5Uqis8Txgbd95tocnzF1s',54.17,1.00,55.17,0.00594057,'2020-07-08 07:48:34',0),(59,'1FmBCvT7y39LmFJSSSHPn9PpjrUjfSVTEL',54.17,1.00,55.17,0.00594057,'2020-07-08 07:48:35',0),(60,'1Fg4Zm4U8STWa9whh2KenCJbyKxKqcQAaW',54.17,1.00,55.17,0.00594057,'2020-07-08 07:48:36',0),(61,'1f4eLHZEJ6C8WqGgL1w6JsM714xE5643k',54.17,1.00,55.17,0.00594057,'2020-07-08 07:48:37',0),(62,'1F4d5RnfPwne5aZsq7kqjHufMvuCoJMdAF',54.17,1.00,55.17,0.00594057,'2020-07-08 07:48:37',0),(63,'1ErAQq8aBSMjWAgsJyQeTYwzWsb2YYtS2K',54.17,1.00,55.17,0.00594057,'2020-07-08 07:48:38',0),(64,'1eCBVn1s5i8vKoRktYMW2kpLoMGuTLytT',54.17,1.00,55.17,0.00594057,'2020-07-08 07:48:39',0),(65,'1ebeHFPJbNNizDzgBKB1cAFZPsdc2fq2F',54.17,1.00,55.17,0.00594242,'2020-07-08 07:50:34',0),(66,'1E855pzsBrQGWB8dp9vv2nQBdmtaKZ53yw',54.17,1.00,55.17,0.00594242,'2020-07-08 07:50:35',0),(67,'1Dh1FDKNLfYNKrRS8GV633xiQ9gs6tPJVp',54.17,1.00,55.17,0.00594242,'2020-07-08 07:50:35',0),(68,'1Dgj6pZ76hdA9kZpxhDJyECFUMta1CPdXj',54.17,1.00,55.17,0.00594242,'2020-07-08 07:50:36',0),(69,'1DfcJL3wipqRVeWVU9Eev3nsLkXJXdUzgs',54.17,1.00,55.17,0.00594331,'2020-07-08 07:52:07',0),(70,'1CwegppQyMirtwVC1nkxEwCCt4MaGjmBG9',54.17,1.00,55.17,0.00594331,'2020-07-08 07:52:08',0),(71,'1CQdQKs9cJrHKKg7s6S6ZTA9RbwpbTbGy9',54.17,1.00,55.17,0.00594331,'2020-07-08 07:52:12',0),(72,'1C4vvWAjeuWUUpR88f2AbW7kFA1GXYcn1G',54.17,1.00,55.17,0.00593925,'2020-07-08 08:09:52',0),(73,'1Boufb5fogvooNfcW5MUFwXiKyesym1oed',54.17,1.00,55.17,0.00593163,'2020-07-08 08:15:35',0),(74,'1BJZQ2kLUh9xoyRq7s88dYkVoConhBJs5L',54.17,1.00,55.17,0.00593335,'2020-07-08 08:16:15',0),(75,'1B9PT5HzPXCR2hboenxZaQQCsciWVeaxYP',54.17,1.00,55.17,0.00593413,'2020-07-08 08:18:02',0),(76,'1Arg2EF7vzVdzu2hXsoFfewYMiCVtkxPvE',54.17,1.00,55.17,0.00594380,'2020-07-08 09:02:04',0),(77,'1AnmKKYh4hH8w5TKMWk6xfUud4HYD7k4xW',54.17,1.00,55.17,0.00593994,'2020-07-08 09:08:33',0),(78,'1AmiRPUX7cCspkUupqVcax61zqCAEpEQow',54.17,1.00,55.17,0.00593994,'2020-07-08 09:08:39',0),(79,'1AcVqu2AAn1guwxFdzciW1samRyf9B9z7j',54.17,1.00,55.17,0.00593994,'2020-07-08 09:08:48',0),(80,'1ACVLTST4G1CpA23jGuG5tS1WP373PoBVc',54.17,1.00,55.17,0.00593974,'2020-07-08 09:09:41',0),(81,'1AawwsdDniytxtt5fsnvHBASHywRmp2nr4',54.17,1.00,55.17,0.00593974,'2020-07-08 09:09:49',0),(82,'19ssdAioVaHpRt2bn3gYoVCFhdBYfyfELQ',54.17,1.00,55.17,0.00594723,'2020-07-08 09:37:46',0),(83,'19rBVmtnRaWHyLDt9TmNK5y6vmGFUwp95V',54.17,1.00,55.17,0.00594708,'2020-07-08 09:39:23',0),(84,'19iAEUbC57VsbbSGPp7uaATQTf98V4mx77',54.17,1.00,55.17,0.00594708,'2020-07-08 09:40:02',0),(85,'18sHbXsjpQF4CJ53UWmaJcC1PAADqG1f1w',54.17,1.00,55.17,0.00594708,'2020-07-08 09:40:12',0),(86,'18mGajZBAi6b9AfwmXiteANW2HwSwsvARq',54.17,1.00,55.17,0.00594806,'2020-07-08 09:41:22',0),(87,'18iA6mGdoRKroaWjSFc3ygqte7nxQc4w5J',54.17,1.00,55.17,0.00594806,'2020-07-08 09:41:40',0),(88,'18fGwoq82QQVcAnLjPGdnQYWLmD42p7xU5',54.17,1.00,55.17,0.00595011,'2020-07-08 09:43:52',0),(89,'18DBfZTEjKS9yFL6nnCSLuZnj3gcaT1xwY',54.17,1.00,55.17,0.00594958,'2020-07-08 09:45:03',0),(90,'18bbU3e8ykBQBtewvFv3QiLUW49tNMTs63',54.17,1.00,55.17,0.00595159,'2020-07-08 09:46:22',0),(91,'17wsgGksV8MnNXQyk7EcFp1Jxf4NRNm1jr',54.17,1.00,55.17,0.00595159,'2020-07-08 09:46:27',0),(92,'17tngyFHvZwEBaUZozJE7uxiRsyKtrwnuh',54.17,1.00,55.17,0.00595159,'2020-07-08 09:46:32',0),(93,'17k4Gs1RHhTEcfQ4oX4U8C33Armg3ggeAC',54.17,1.00,55.17,0.00595159,'2020-07-08 09:46:44',0),(94,'17fWrnxx3jMftttrJwXfnx35DifS7w6hE9',54.17,1.00,55.17,0.00595074,'2020-07-08 09:48:02',0),(95,'17dxxqZUyejxsfqUDUz8cJL4ZQCoksDNwm',54.17,1.00,55.17,0.00594825,'2020-07-08 09:49:17',0),(96,'15TGtRXNpe6rpYLxavfEAb95ZquJpSTrSY',54.17,1.00,55.17,0.00594769,'2020-07-08 09:50:49',0),(97,'15SSNbm7MJ4EJfrJpTnDY4MZxQ4caj5MMi',54.17,1.00,55.17,0.00594769,'2020-07-08 09:50:59',0),(98,'15sSeA9hhSUXayWVkqzUvMAxT9JfenVy3h',54.17,1.00,55.17,0.00594788,'2020-07-08 09:51:36',0),(99,'15qV3Evv9pdxHkThm19h4GgK2gxf4UfdC2',54.17,1.00,55.17,0.00594788,'2020-07-08 09:51:41',0),(100,'15aWHviRzgM56YCEXBnx4EHjSbf1rJ72ES',54.17,1.00,55.17,0.00594788,'2020-07-08 09:52:03',0),(101,'151Cm7xHeQtGxg2UavZRAnqHDmj8fvpqWx',54.17,1.00,55.17,0.00594788,'2020-07-08 09:52:08',0),(102,'14WFF21m99fVBkzsKCzwG2BUhrUe3hhBVr',54.17,1.00,55.17,0.00594744,'2020-07-08 09:52:16',0),(103,'14teuBw4jeW5ZPsVwZhsGECaYc95CbMuEc',54.17,1.00,55.17,0.00594744,'2020-07-08 09:52:24',0),(104,'14Sp4V3tK2pySGD5YK1JTU57hM8hM7M9VV',54.17,1.00,55.17,0.00594744,'2020-07-08 09:52:34',0),(105,'13zxMy9QZMepuKPJ8wb4iWaxjeXVDysvX3',54.17,1.00,55.17,0.00594744,'2020-07-08 09:52:41',0),(106,'13wSf9fj5BxvFcCdSKJ73XTnYHoKPMk1e5',54.17,1.00,55.17,0.00594744,'2020-07-08 09:52:52',0),(107,'13JqnfkaLreGM2Uzt8f4HMAiLAHHMicE9A',54.17,1.00,55.17,0.00594744,'2020-07-08 09:52:58',0),(108,'1375jnD5TXpX5rHUPzYGQkHZnsRHn2v41F',54.17,1.00,55.17,0.00594715,'2020-07-08 09:53:41',0),(109,'12yg36ZoDPYbUCrCNqQeaix4C4mV8w494B',54.17,1.00,55.17,0.00594715,'2020-07-08 09:53:47',0),(110,'12TXuWbpqfMeioAzSSeqhD3poFspZDfUJ1',54.17,1.00,55.17,0.00594715,'2020-07-08 09:53:55',0),(111,'12MoBX4ee9hVQha59bzk21Ad7aCTkTM5yX',54.17,1.00,55.17,0.00594652,'2020-07-08 09:55:36',0),(112,'126znDESbQ9KUTBbru2qxaENAujR6voVNK',54.17,1.00,55.17,0.00594652,'2020-07-08 09:55:40',0),(113,'1253PjdUnQfY2bnSFVeh2Vh4deQraEf3rs',54.17,1.00,55.17,0.00594631,'2020-07-08 09:56:35',0),(114,'123DXbJ6ac1sZ1owmBTtF6StA8eWKdvgEu',54.17,1.00,55.17,0.00594271,'2020-07-08 10:00:39',0),(115,'121oHbJ1NJU6pytS2Sxv5BcfmqB6z1j2Vv',54.17,1.00,55.17,0.00594261,'2020-07-08 10:02:08',0),(116,'121zx7jtSojearJk6cpmAkQUPoDTbZBET3',54.17,1.00,55.17,0.00594187,'2020-07-08 10:04:31',0),(117,'1XBrW18hSWbwMUXDnQ5JDVS3dRuwkk4pY',54.17,1.00,55.17,0.00594126,'2020-07-08 10:07:52',0),(118,'1TCNoeZzzrxhNSc5LgDniFexUiraTxAXk',54.17,1.00,55.17,0.00594031,'2020-07-08 10:09:08',0),(119,'1ridgm4ARreVTpZjU6mzppESBrbpXRAWC',54.17,1.00,55.17,0.00593832,'2020-07-08 10:10:52',0),(120,'1Q4zGxMAHddMiLcpDmVeYABsXUEkqJRtKT',54.17,1.00,55.17,0.00593797,'2020-07-08 10:11:27',0),(121,'1PyKeafVjHuxJykXztcjrPxmZwWDGUsZtV',54.17,1.00,55.17,0.00593797,'2020-07-08 10:11:54',0),(122,'1PM4C6MocqPgFpVEtmU5JYMeTkEbiFz4H6',54.17,1.00,55.17,0.00593688,'2020-07-08 10:12:18',0),(123,'1P8aij7zhfXJXLZGA1ryw6nhk6wtTReVJn',54.17,1.00,55.17,0.00593688,'2020-07-08 10:12:52',0),(124,'1Nyc9NNe5TBMPuLbU1vFm96sKEfKq5p1T9',54.17,1.00,55.17,0.00593641,'2020-07-08 10:13:19',0),(125,'1NXVZrPHKHG9RJ6MLzQxP3FYJVHXVj9oMp',54.17,1.00,55.17,0.00593641,'2020-07-08 10:13:47',0),(126,'1NH6yvdwHvitjLTrTr8zThcU44PWnqZrQH',54.17,1.00,55.17,0.00593866,'2020-07-08 10:15:38',0),(127,'1NbSsziS3jt85sNMY5RpfuL5qSMsN3V2Ci',54.17,1.00,55.17,0.00593016,'2020-07-08 10:56:30',0),(128,'1Mt1mHWrjVA5MQYexFa2vEEvWZiuUSCgVm',54.17,1.00,55.17,0.00593042,'2020-07-08 10:57:38',0),(129,'1MFB87JZo8PqsR9YxSonFa1PvnhV75GMZU',54.17,1.00,55.17,0.00593042,'2020-07-08 10:57:56',0),(130,'1MbpC21mycmS4gZs1Tnxp4AQmKA3XFFG4X',54.17,1.00,55.17,0.00593042,'2020-07-08 10:58:03',0),(131,'1LYzsisHj2JaGAe4FSRBgW1gq5WcjCWtZr',54.17,1.00,55.17,0.00593042,'2020-07-08 10:58:12',0),(132,'1LpH8nGhq2zjEk5EdwuxbHB5PfTpPpiAu2',54.17,1.00,55.17,0.00592998,'2020-07-08 10:58:18',0),(133,'1LNagQSzrjN5Q6srnoRGiDgMdPs7zWf36d',54.17,1.00,55.17,0.00592998,'2020-07-08 10:58:31',0),(134,'1LgX17dkqxL9Evy2CMUvbRNa3ZvUa95k7i',54.17,1.00,55.17,0.00592998,'2020-07-08 10:59:03',0),(135,'1Lbwu7EbfXtkQRCTbfCC9Wqe5VFuAWm85o',54.17,1.00,55.17,0.00593028,'2020-07-08 10:59:13',0),(136,'1L7JZ3bR7EAmU9hUZmAYbwb3tm8927ZTbn',54.17,1.00,55.17,0.00593028,'2020-07-08 10:59:21',0),(137,'1Ky4w1gkrKe2qafkobfTVwUBc8LSXuZYNS',54.17,1.00,55.17,0.00593028,'2020-07-08 10:59:27',0),(138,'1KVtasX8eKWCUEJidmrdopcRzY7AdwEnQg',54.17,1.00,55.17,0.00593028,'2020-07-08 10:59:32',0),(139,'1KRUrvuFMgHZ6Gmk7ZxVLXgev6k4UTAaHA',54.17,1.00,55.17,0.00593028,'2020-07-08 10:59:38',0),(140,'1KoQLtXMtK9QdaFvCborQ9ZmhkDS9UunWZ',54.17,1.00,55.17,0.00593028,'2020-07-08 10:59:44',0),(141,'1Ki6nFfuC9AXXVUAKrgX6LVZxKMQWCTV2f',54.17,1.00,55.17,0.00593229,'2020-07-08 11:00:48',0),(142,'1KHSekBqrski52fz2p437jS6dpXDEbA7qY',54.17,1.00,55.17,0.00593229,'2020-07-08 11:00:52',0),(143,'1KavMPRbEduVuasRwF65ffWQriHmZ2BT4U',54.17,1.00,55.17,0.00593229,'2020-07-08 11:00:59',0),(144,'1K9YbQXWdd3XnTArLshGt2QjH5Rjd6ARbh',54.17,1.00,55.17,0.00593229,'2020-07-08 11:01:05',0),(145,'1jppZd8Vp187GnTRSa22chModjYcKbxh3',54.17,1.00,55.17,0.00593229,'2020-07-08 11:01:11',0),(146,'1JKpQeNTv7BNAhccuVVoHGWMV76zT64hkB',54.17,1.00,55.17,0.00593165,'2020-07-08 11:01:15',0),(147,'1JiYnyUemHe1VDkJYsz3f7XBdRxXfWKN1y',54.17,1.00,55.17,0.00593165,'2020-07-08 11:01:20',0),(148,'1JEKp4RschtQTVAM8MUXyVqMHaajkgZUx2',54.17,1.00,55.17,0.00593165,'2020-07-08 11:01:24',0),(149,'1Jcxh7CFDj7dmtTt3kk6uiy6Rd27hKLS6L',54.17,1.00,55.17,0.00593424,'2020-07-08 11:11:29',0),(150,'1Hx3gSNMSVDA5HuMAX1VXFJ9MdqbMViTia',54.17,1.00,55.17,0.00593424,'2020-07-08 11:11:46',0),(151,'1HSr9BchKwjDNp6qNdZ7DenLjhrbxZCSGP',54.17,1.00,55.17,0.00593424,'2020-07-08 11:11:51',0),(152,'1HBREAjqyPetK2wvv4Beuh7gvQkBsTTzqU',54.17,1.00,55.17,0.00593424,'2020-07-08 11:11:56',0),(153,'1HbCCNiRNEazMH4BYAhujyQY9TT2Z4pqZ3',54.17,1.00,55.17,0.00593424,'2020-07-08 11:12:02',0),(154,'1H6tdGFXfJapCtkr2pwV5Na7Q96qmWYYrM',54.17,1.00,55.17,0.00593424,'2020-07-08 11:12:07',0),(155,'1GrVrwUxDzngwZ7dwArsfygvagSgEAPv9c',54.17,1.00,55.17,0.00593424,'2020-07-08 11:12:10',0),(156,'1G3aG8pFvWW9hviNe8PTy5r5TKpQ6MSX8L',54.17,1.00,55.17,0.00593461,'2020-07-08 11:12:14',0),(157,'1FzMzTBLURVJwqvDqwfDY2pD3AZGaCuWgp',54.17,1.00,55.17,0.00594003,'2020-07-08 11:18:56',0),(158,'1FTCg61Kb6LMx5Uqis8Txgbd95tocnzF1s',54.17,1.00,55.17,0.00594003,'2020-07-08 11:19:01',0),(159,'1FmBCvT7y39LmFJSSSHPn9PpjrUjfSVTEL',54.17,1.00,55.17,0.00594003,'2020-07-08 11:19:07',0),(160,'1Fg4Zm4U8STWa9whh2KenCJbyKxKqcQAaW',54.17,1.00,55.17,0.00593957,'2020-07-08 11:19:15',0),(161,'1f4eLHZEJ6C8WqGgL1w6JsM714xE5643k',54.17,1.00,55.17,0.00593957,'2020-07-08 11:19:43',0),(162,'1F4d5RnfPwne5aZsq7kqjHufMvuCoJMdAF',54.17,1.00,55.17,0.00593957,'2020-07-08 11:19:48',0),(163,'1ErAQq8aBSMjWAgsJyQeTYwzWsb2YYtS2K',54.17,1.00,55.17,0.00593957,'2020-07-08 11:19:52',0),(164,'1eCBVn1s5i8vKoRktYMW2kpLoMGuTLytT',54.17,1.00,55.17,0.00593957,'2020-07-08 11:20:04',0),(165,'1ebeHFPJbNNizDzgBKB1cAFZPsdc2fq2F',54.17,1.00,55.17,0.00593865,'2020-07-08 11:20:15',0),(166,'1E855pzsBrQGWB8dp9vv2nQBdmtaKZ53yw',54.17,1.00,55.17,0.00593865,'2020-07-08 11:20:22',0),(167,'1Dh1FDKNLfYNKrRS8GV633xiQ9gs6tPJVp',54.17,1.00,55.17,0.00593865,'2020-07-08 11:20:27',0),(168,'1Dgj6pZ76hdA9kZpxhDJyECFUMta1CPdXj',54.17,1.00,55.17,0.00593865,'2020-07-08 11:20:32',0),(169,'1DfcJL3wipqRVeWVU9Eev3nsLkXJXdUzgs',54.17,1.00,55.17,0.00593865,'2020-07-08 11:20:37',0),(170,'1CwegppQyMirtwVC1nkxEwCCt4MaGjmBG9',54.17,1.00,55.17,0.00593883,'2020-07-08 11:21:13',0),(171,'1CQdQKs9cJrHKKg7s6S6ZTA9RbwpbTbGy9',54.17,1.00,55.17,0.00593883,'2020-07-08 11:22:03',0),(172,'1C4vvWAjeuWUUpR88f2AbW7kFA1GXYcn1G',54.17,1.00,55.17,0.00593883,'2020-07-08 11:22:08',0),(173,'1Boufb5fogvooNfcW5MUFwXiKyesym1oed',54.17,1.00,55.17,0.00594175,'2020-07-08 11:22:14',0),(174,'1BJZQ2kLUh9xoyRq7s88dYkVoConhBJs5L',54.17,1.00,55.17,0.00594175,'2020-07-08 11:22:19',0),(175,'1B9PT5HzPXCR2hboenxZaQQCsciWVeaxYP',54.17,1.00,55.17,0.00594175,'2020-07-08 11:22:25',0),(176,'1Arg2EF7vzVdzu2hXsoFfewYMiCVtkxPvE',54.17,1.00,55.17,0.00594175,'2020-07-08 11:22:36',0),(177,'1AnmKKYh4hH8w5TKMWk6xfUud4HYD7k4xW',54.17,1.00,55.17,0.00594175,'2020-07-08 11:23:07',0),(178,'1AmiRPUX7cCspkUupqVcax61zqCAEpEQow',54.17,1.00,55.17,0.00594005,'2020-07-08 11:23:13',0),(179,'1AcVqu2AAn1guwxFdzciW1samRyf9B9z7j',54.17,1.00,55.17,0.00594005,'2020-07-08 11:23:18',0),(180,'1ACVLTST4G1CpA23jGuG5tS1WP373PoBVc',54.17,1.00,55.17,0.00594005,'2020-07-08 11:23:26',0),(181,'1AawwsdDniytxtt5fsnvHBASHywRmp2nr4',54.17,1.00,55.17,0.00594005,'2020-07-08 11:23:41',0),(182,'19ssdAioVaHpRt2bn3gYoVCFhdBYfyfELQ',54.17,1.00,55.17,0.00593971,'2020-07-08 11:24:22',0),(183,'19rBVmtnRaWHyLDt9TmNK5y6vmGFUwp95V',54.17,1.00,55.17,0.00593971,'2020-07-08 11:24:35',0),(184,'19iAEUbC57VsbbSGPp7uaATQTf98V4mx77',54.17,1.00,55.17,0.00593971,'2020-07-08 11:24:53',0),(185,'18sHbXsjpQF4CJ53UWmaJcC1PAADqG1f1w',54.17,1.00,55.17,0.00593891,'2020-07-08 11:25:14',0),(186,'18mGajZBAi6b9AfwmXiteANW2HwSwsvARq',54.17,1.00,55.17,0.00593891,'2020-07-08 11:25:19',0),(187,'18iA6mGdoRKroaWjSFc3ygqte7nxQc4w5J',54.17,1.00,55.17,0.00593891,'2020-07-08 11:25:25',0),(188,'18fGwoq82QQVcAnLjPGdnQYWLmD42p7xU5',54.17,1.00,55.17,0.00593891,'2020-07-08 11:25:29',0),(189,'18DBfZTEjKS9yFL6nnCSLuZnj3gcaT1xwY',54.17,1.00,55.17,0.00593891,'2020-07-08 11:25:35',0),(190,'18bbU3e8ykBQBtewvFv3QiLUW49tNMTs63',54.17,1.00,55.17,0.00593891,'2020-07-08 11:25:40',0),(191,'17wsgGksV8MnNXQyk7EcFp1Jxf4NRNm1jr',54.17,1.00,55.17,0.00593777,'2020-07-08 11:26:43',0),(192,'17tngyFHvZwEBaUZozJE7uxiRsyKtrwnuh',54.17,1.00,55.17,0.00593777,'2020-07-08 11:26:49',0),(193,'17k4Gs1RHhTEcfQ4oX4U8C33Armg3ggeAC',54.17,1.00,55.17,0.00593777,'2020-07-08 11:26:55',0),(194,'17fWrnxx3jMftttrJwXfnx35DifS7w6hE9',54.17,1.00,55.17,0.00593740,'2020-07-08 11:28:08',0),(195,'17dxxqZUyejxsfqUDUz8cJL4ZQCoksDNwm',54.17,1.00,55.17,0.00593668,'2020-07-08 11:33:15',0),(196,'15TGtRXNpe6rpYLxavfEAb95ZquJpSTrSY',54.17,1.00,55.17,0.00593668,'2020-07-08 11:33:21',0),(197,'15SSNbm7MJ4EJfrJpTnDY4MZxQ4caj5MMi',54.17,1.00,55.17,0.00593668,'2020-07-08 11:33:34',0),(198,'15sSeA9hhSUXayWVkqzUvMAxT9JfenVy3h',54.17,1.00,55.17,0.00593668,'2020-07-08 11:33:39',0),(199,'15qV3Evv9pdxHkThm19h4GgK2gxf4UfdC2',54.17,1.00,55.17,0.00593668,'2020-07-08 11:33:54',0),(200,'15aWHviRzgM56YCEXBnx4EHjSbf1rJ72ES',54.17,1.00,55.17,0.00593163,'2020-07-08 11:50:59',0),(201,'151Cm7xHeQtGxg2UavZRAnqHDmj8fvpqWx',54.17,1.00,55.17,0.00593163,'2020-07-08 11:51:05',0),(202,'14WFF21m99fVBkzsKCzwG2BUhrUe3hhBVr',54.17,1.00,55.17,0.00592826,'2020-07-08 11:53:16',0),(203,'14teuBw4jeW5ZPsVwZhsGECaYc95CbMuEc',54.17,1.00,55.17,0.00592826,'2020-07-08 11:53:22',0),(204,'14Sp4V3tK2pySGD5YK1JTU57hM8hM7M9VV',54.17,1.00,55.17,0.00591592,'2020-07-08 12:01:14',0),(205,'13zxMy9QZMepuKPJ8wb4iWaxjeXVDysvX3',54.17,1.00,55.17,0.00591592,'2020-07-08 12:01:23',0),(206,'13wSf9fj5BxvFcCdSKJ73XTnYHoKPMk1e5',54.17,1.00,55.17,0.00593445,'2020-07-08 12:25:34',0),(207,'13JqnfkaLreGM2Uzt8f4HMAiLAHHMicE9A',54.17,1.00,55.17,0.00594062,'2020-07-08 12:47:56',0),(208,'1375jnD5TXpX5rHUPzYGQkHZnsRHn2v41F',54.17,1.00,55.17,0.00593131,'2020-07-08 13:04:47',0),(209,'12yg36ZoDPYbUCrCNqQeaix4C4mV8w494B',54.17,1.00,55.17,0.00593131,'2020-07-08 13:04:53',0),(210,'12TXuWbpqfMeioAzSSeqhD3poFspZDfUJ1',54.17,1.00,55.17,0.00593081,'2020-07-08 13:09:00',0),(211,'12MoBX4ee9hVQha59bzk21Ad7aCTkTM5yX',54.17,1.00,55.17,0.00593081,'2020-07-08 13:09:08',0),(212,'126znDESbQ9KUTBbru2qxaENAujR6voVNK',54.17,1.00,55.17,0.00585773,'2020-07-08 18:52:42',0),(213,'1253PjdUnQfY2bnSFVeh2Vh4deQraEf3rs',54.17,1.00,55.17,0.00585447,'2020-07-08 19:04:32',0),(214,'123DXbJ6ac1sZ1owmBTtF6StA8eWKdvgEu',54.17,1.00,55.17,0.00585106,'2020-07-08 21:43:23',0),(215,'121oHbJ1NJU6pytS2Sxv5BcfmqB6z1j2Vv',54.17,1.00,55.17,0.00587270,'2020-07-09 14:04:58',0),(216,'121zx7jtSojearJk6cpmAkQUPoDTbZBET3',54.17,1.00,55.17,0.00587386,'2020-07-09 14:09:07',0),(217,'1XBrW18hSWbwMUXDnQ5JDVS3dRuwkk4pY',54.17,1.00,55.17,0.00588952,'2020-07-09 14:20:59',0),(218,'1TCNoeZzzrxhNSc5LgDniFexUiraTxAXk',54.17,1.00,55.17,0.00588541,'2020-07-09 14:35:36',0),(219,'1ridgm4ARreVTpZjU6mzppESBrbpXRAWC',54.17,1.00,55.17,0.00588541,'2020-07-09 14:35:52',0),(220,'1Q4zGxMAHddMiLcpDmVeYABsXUEkqJRtKT',54.17,1.00,55.17,0.00588220,'2020-07-09 14:36:39',0),(221,'1PyKeafVjHuxJykXztcjrPxmZwWDGUsZtV',54.17,1.00,55.17,0.00588220,'2020-07-09 14:36:48',0),(222,'1PM4C6MocqPgFpVEtmU5JYMeTkEbiFz4H6',54.17,1.00,55.17,0.00588599,'2020-07-09 14:40:43',0),(223,'1P8aij7zhfXJXLZGA1ryw6nhk6wtTReVJn',54.17,1.00,55.17,0.00588660,'2020-07-09 14:41:54',0),(224,'1Nyc9NNe5TBMPuLbU1vFm96sKEfKq5p1T9',54.17,1.00,55.17,0.00598476,'2020-07-10 04:13:23',0),(225,'1NXVZrPHKHG9RJ6MLzQxP3FYJVHXVj9oMp',54.17,1.00,55.17,0.00602436,'2020-07-10 04:56:24',0),(226,'1NH6yvdwHvitjLTrTr8zThcU44PWnqZrQH',54.17,1.00,55.17,0.00602378,'2020-07-10 04:58:48',0),(227,'1NbSsziS3jt85sNMY5RpfuL5qSMsN3V2Ci',54.17,1.00,55.17,0.00603618,'2020-07-10 05:00:23',0),(228,'1Mt1mHWrjVA5MQYexFa2vEEvWZiuUSCgVm',54.17,1.00,55.17,0.00603618,'2020-07-10 05:00:33',0),(229,'1MFB87JZo8PqsR9YxSonFa1PvnhV75GMZU',54.17,1.00,55.17,0.00602870,'2020-07-10 05:06:12',0),(230,'1MbpC21mycmS4gZs1Tnxp4AQmKA3XFFG4X',54.17,1.00,55.17,0.00602876,'2020-07-10 05:06:42',0),(231,'1LYzsisHj2JaGAe4FSRBgW1gq5WcjCWtZr',54.17,1.00,55.17,0.00602615,'2020-07-10 05:10:28',0),(232,'1LpH8nGhq2zjEk5EdwuxbHB5PfTpPpiAu2',54.17,1.00,55.17,0.00602615,'2020-07-10 05:10:55',0),(233,'1LNagQSzrjN5Q6srnoRGiDgMdPs7zWf36d',54.17,1.00,55.17,0.00598206,'2020-07-11 22:08:38',0),(234,'1LgX17dkqxL9Evy2CMUvbRNa3ZvUa95k7i',54.17,1.00,55.17,0.00597511,'2020-07-11 22:23:03',0),(235,'1Lbwu7EbfXtkQRCTbfCC9Wqe5VFuAWm85o',54.17,1.00,55.17,0.00598154,'2020-07-11 22:30:00',0),(236,'1L7JZ3bR7EAmU9hUZmAYbwb3tm8927ZTbn',54.17,1.00,55.17,0.00598154,'2020-07-11 22:30:08',0),(237,'1Ky4w1gkrKe2qafkobfTVwUBc8LSXuZYNS',54.17,1.00,55.17,0.00598303,'2020-07-11 22:50:24',0),(238,'1KVtasX8eKWCUEJidmrdopcRzY7AdwEnQg',54.17,1.00,55.17,0.00598331,'2020-07-11 22:52:30',0),(239,'1KRUrvuFMgHZ6Gmk7ZxVLXgev6k4UTAaHA',54.17,1.00,55.17,0.00596981,'2020-07-11 23:44:39',0),(240,'1KoQLtXMtK9QdaFvCborQ9ZmhkDS9UunWZ',54.17,1.00,55.17,0.00596981,'2020-07-11 23:44:54',0),(241,'1Ki6nFfuC9AXXVUAKrgX6LVZxKMQWCTV2f',54.17,1.00,55.17,0.00596981,'2020-07-11 23:45:26',0),(242,'1KHSekBqrski52fz2p437jS6dpXDEbA7qY',54.17,1.00,55.17,0.00597016,'2020-07-11 23:46:14',0),(243,'1KavMPRbEduVuasRwF65ffWQriHmZ2BT4U',54.17,1.00,55.17,0.00597035,'2020-07-11 23:47:25',0),(244,'1K9YbQXWdd3XnTArLshGt2QjH5Rjd6ARbh',54.17,1.00,55.17,0.00597035,'2020-07-11 23:48:12',0),(245,'1jppZd8Vp187GnTRSa22chModjYcKbxh3',54.17,1.00,55.17,0.00597285,'2020-07-11 23:49:36',0),(246,'1JKpQeNTv7BNAhccuVVoHGWMV76zT64hkB',54.17,1.00,55.17,0.00598464,'2020-07-14 03:26:02',0),(247,'1JiYnyUemHe1VDkJYsz3f7XBdRxXfWKN1y',54.17,1.00,55.17,0.00599884,'2020-07-16 04:59:57',0),(248,'1JEKp4RschtQTVAM8MUXyVqMHaajkgZUx2',54.17,1.00,55.17,0.00600136,'2020-07-16 06:03:30',0),(249,'1Jcxh7CFDj7dmtTt3kk6uiy6Rd27hKLS6L',54.17,1.00,55.17,0.00600169,'2020-07-16 06:05:05',0),(250,'1Hx3gSNMSVDA5HuMAX1VXFJ9MdqbMViTia',54.17,1.00,55.17,0.00604711,'2020-07-16 07:35:05',0),(251,'1HSr9BchKwjDNp6qNdZ7DenLjhrbxZCSGP',54.17,1.00,55.17,0.00604991,'2020-07-16 07:56:06',0),(252,'1HBREAjqyPetK2wvv4Beuh7gvQkBsTTzqU',54.17,1.00,55.17,0.00605275,'2020-07-16 07:58:14',0),(253,'1HbCCNiRNEazMH4BYAhujyQY9TT2Z4pqZ3',54.17,1.00,55.17,0.00605275,'2020-07-16 07:58:32',0),(254,'1H6tdGFXfJapCtkr2pwV5Na7Q96qmWYYrM',54.17,1.00,55.17,0.00605319,'2020-07-16 07:58:58',0),(255,'1GrVrwUxDzngwZ7dwArsfygvagSgEAPv9c',54.17,1.00,55.17,0.00605319,'2020-07-16 07:59:03',0),(256,'1G3aG8pFvWW9hviNe8PTy5r5TKpQ6MSX8L',54.17,1.00,55.17,0.00605275,'2020-07-16 07:59:07',0),(257,'1FzMzTBLURVJwqvDqwfDY2pD3AZGaCuWgp',54.17,1.00,55.17,0.00605348,'2020-07-16 07:59:13',0),(258,'1FTCg61Kb6LMx5Uqis8Txgbd95tocnzF1s',54.17,1.00,55.17,0.00605348,'2020-07-16 07:59:17',0),(259,'1FmBCvT7y39LmFJSSSHPn9PpjrUjfSVTEL',54.17,1.00,55.17,0.00605348,'2020-07-16 07:59:25',0),(260,'1Fg4Zm4U8STWa9whh2KenCJbyKxKqcQAaW',54.17,1.00,55.17,0.00605329,'2020-07-16 08:01:07',0),(261,'1f4eLHZEJ6C8WqGgL1w6JsM714xE5643k',54.17,1.00,55.17,0.00606076,'2020-07-16 08:02:37',0),(262,'1F4d5RnfPwne5aZsq7kqjHufMvuCoJMdAF',54.17,1.00,55.17,0.00604866,'2020-07-16 08:16:16',0),(263,'1ErAQq8aBSMjWAgsJyQeTYwzWsb2YYtS2K',54.17,1.00,55.17,0.00604871,'2020-07-16 08:16:30',0),(264,'1eCBVn1s5i8vKoRktYMW2kpLoMGuTLytT',54.17,1.00,55.17,0.00604866,'2020-07-16 08:16:39',0),(265,'1ebeHFPJbNNizDzgBKB1cAFZPsdc2fq2F',54.17,1.00,55.17,0.00604765,'2020-07-16 08:20:44',0),(266,'1E855pzsBrQGWB8dp9vv2nQBdmtaKZ53yw',54.17,1.00,55.17,0.00604765,'2020-07-16 08:20:51',0),(267,'1Dh1FDKNLfYNKrRS8GV633xiQ9gs6tPJVp',54.17,1.00,55.17,0.00604765,'2020-07-16 08:20:57',0),(268,'1Dgj6pZ76hdA9kZpxhDJyECFUMta1CPdXj',54.17,1.00,55.17,0.00604765,'2020-07-16 08:21:03',0),(269,'1DfcJL3wipqRVeWVU9Eev3nsLkXJXdUzgs',54.17,1.00,55.17,0.00604765,'2020-07-16 08:21:07',0),(270,'1CwegppQyMirtwVC1nkxEwCCt4MaGjmBG9',54.17,1.00,55.17,0.00605001,'2020-07-16 08:23:35',0),(271,'1CQdQKs9cJrHKKg7s6S6ZTA9RbwpbTbGy9',54.17,1.00,55.17,0.00605001,'2020-07-16 08:23:44',0),(272,'1C4vvWAjeuWUUpR88f2AbW7kFA1GXYcn1G',54.17,1.00,55.17,0.00605001,'2020-07-16 08:23:58',0),(273,'1Boufb5fogvooNfcW5MUFwXiKyesym1oed',54.17,1.00,55.17,0.00605001,'2020-07-16 08:24:04',0),(274,'1BJZQ2kLUh9xoyRq7s88dYkVoConhBJs5L',54.17,1.00,55.17,0.00604972,'2020-07-16 08:24:20',0),(275,'1B9PT5HzPXCR2hboenxZaQQCsciWVeaxYP',54.17,1.00,55.17,0.00604944,'2020-07-16 08:24:24',0),(276,'1Arg2EF7vzVdzu2hXsoFfewYMiCVtkxPvE',54.17,1.00,55.17,0.00605176,'2020-07-16 08:26:38',0),(277,'1AnmKKYh4hH8w5TKMWk6xfUud4HYD7k4xW',54.17,1.00,55.17,0.00605355,'2020-07-16 08:28:53',0),(278,'1AmiRPUX7cCspkUupqVcax61zqCAEpEQow',54.17,1.00,55.17,0.00605374,'2020-07-16 08:28:57',0),(279,'1AcVqu2AAn1guwxFdzciW1samRyf9B9z7j',54.17,1.00,55.17,0.00605778,'2020-07-16 08:33:19',0),(280,'1ACVLTST4G1CpA23jGuG5tS1WP373PoBVc',54.17,1.00,55.17,0.00606144,'2020-07-16 08:36:31',0),(281,'1AawwsdDniytxtt5fsnvHBASHywRmp2nr4',54.17,1.00,55.17,0.00606144,'2020-07-16 08:36:36',0),(282,'19ssdAioVaHpRt2bn3gYoVCFhdBYfyfELQ',54.17,1.00,55.17,0.00606115,'2020-07-16 08:36:46',0),(283,'19rBVmtnRaWHyLDt9TmNK5y6vmGFUwp95V',54.17,1.00,55.17,0.00606144,'2020-07-16 08:36:54',0),(284,'19iAEUbC57VsbbSGPp7uaATQTf98V4mx77',54.17,1.00,55.17,0.00606115,'2020-07-16 08:37:02',0),(285,'18sHbXsjpQF4CJ53UWmaJcC1PAADqG1f1w',54.17,1.00,55.17,0.00606093,'2020-07-16 08:43:49',0),(286,'18mGajZBAi6b9AfwmXiteANW2HwSwsvARq',54.17,1.00,55.17,0.00606093,'2020-07-16 08:43:55',0),(287,'18iA6mGdoRKroaWjSFc3ygqte7nxQc4w5J',54.17,1.00,55.17,0.00606093,'2020-07-16 08:43:58',0),(288,'18fGwoq82QQVcAnLjPGdnQYWLmD42p7xU5',54.17,1.00,55.17,0.00606194,'2020-07-16 08:45:03',0),(289,'18DBfZTEjKS9yFL6nnCSLuZnj3gcaT1xwY',54.17,1.00,55.17,0.00606442,'2020-07-16 08:46:56',0),(290,'18bbU3e8ykBQBtewvFv3QiLUW49tNMTs63',54.17,1.00,55.17,0.00606384,'2020-07-16 08:47:03',0),(291,'17wsgGksV8MnNXQyk7EcFp1Jxf4NRNm1jr',54.17,1.00,55.17,0.00606384,'2020-07-16 08:47:12',0),(292,'17tngyFHvZwEBaUZozJE7uxiRsyKtrwnuh',54.17,1.00,55.17,0.00606635,'2020-07-16 08:48:27',0),(293,'17k4Gs1RHhTEcfQ4oX4U8C33Armg3ggeAC',54.17,1.00,55.17,0.00605880,'2020-07-16 08:50:36',0),(294,'17fWrnxx3jMftttrJwXfnx35DifS7w6hE9',54.17,1.00,55.17,0.00606001,'2020-07-16 08:50:40',0),(295,'17dxxqZUyejxsfqUDUz8cJL4ZQCoksDNwm',54.17,1.00,55.17,0.00605547,'2020-07-16 08:52:39',0),(296,'15TGtRXNpe6rpYLxavfEAb95ZquJpSTrSY',54.17,1.00,55.17,0.00605645,'2020-07-16 08:52:46',0),(297,'15SSNbm7MJ4EJfrJpTnDY4MZxQ4caj5MMi',54.17,1.00,55.17,0.00605645,'2020-07-16 08:53:01',0),(298,'15sSeA9hhSUXayWVkqzUvMAxT9JfenVy3h',54.17,1.00,55.17,0.00605415,'2020-07-16 08:53:20',0),(299,'15qV3Evv9pdxHkThm19h4GgK2gxf4UfdC2',54.17,1.00,55.17,0.00605467,'2020-07-16 08:53:32',0),(300,'15aWHviRzgM56YCEXBnx4EHjSbf1rJ72ES',54.17,1.00,55.17,0.00606462,'2020-07-16 09:02:18',0),(301,'151Cm7xHeQtGxg2UavZRAnqHDmj8fvpqWx',54.17,1.00,55.17,0.00606865,'2020-07-16 09:04:36',0),(302,'14WFF21m99fVBkzsKCzwG2BUhrUe3hhBVr',54.17,1.00,55.17,0.00606974,'2020-07-16 09:05:32',0),(303,'14teuBw4jeW5ZPsVwZhsGECaYc95CbMuEc',54.17,1.00,55.17,0.00607274,'2020-07-16 09:14:20',0),(304,'14Sp4V3tK2pySGD5YK1JTU57hM8hM7M9VV',54.17,1.00,55.17,0.00606707,'2020-07-16 09:23:15',0),(305,'13zxMy9QZMepuKPJ8wb4iWaxjeXVDysvX3',54.17,1.00,55.17,0.00607539,'2020-07-16 09:30:19',0),(306,'13wSf9fj5BxvFcCdSKJ73XTnYHoKPMk1e5',54.17,1.00,55.17,0.00607476,'2020-07-16 09:30:28',0),(307,'13JqnfkaLreGM2Uzt8f4HMAiLAHHMicE9A',54.17,1.00,55.17,0.00607476,'2020-07-16 09:30:35',0),(308,'1375jnD5TXpX5rHUPzYGQkHZnsRHn2v41F',54.17,1.00,55.17,0.00608213,'2020-07-16 09:33:51',0),(309,'12yg36ZoDPYbUCrCNqQeaix4C4mV8w494B',54.17,1.00,55.17,0.00607926,'2020-07-16 10:38:57',0),(310,'12TXuWbpqfMeioAzSSeqhD3poFspZDfUJ1',54.17,1.00,55.17,0.00602588,'2020-07-19 18:37:07',0),(311,'12MoBX4ee9hVQha59bzk21Ad7aCTkTM5yX',54.17,1.00,55.17,0.00602574,'2020-07-19 18:37:22',0),(312,'126znDESbQ9KUTBbru2qxaENAujR6voVNK',54.17,1.00,55.17,0.00602574,'2020-07-19 18:37:31',0),(313,'1253PjdUnQfY2bnSFVeh2Vh4deQraEf3rs',54.17,1.00,55.17,0.00602340,'2020-07-19 18:49:05',0),(314,'123DXbJ6ac1sZ1owmBTtF6StA8eWKdvgEu',54.17,1.00,55.17,0.00602305,'2020-07-19 18:51:48',0),(315,'121oHbJ1NJU6pytS2Sxv5BcfmqB6z1j2Vv',54.17,1.00,55.17,0.00602301,'2020-07-19 18:52:59',0),(316,'121zx7jtSojearJk6cpmAkQUPoDTbZBET3',54.17,1.00,55.17,0.00602227,'2020-07-19 19:00:04',0),(317,'1XBrW18hSWbwMUXDnQ5JDVS3dRuwkk4pY',54.17,1.00,55.17,0.00602107,'2020-07-19 19:09:30',0),(318,'1TCNoeZzzrxhNSc5LgDniFexUiraTxAXk',54.17,1.00,55.17,0.00602414,'2020-07-19 19:10:46',0),(319,'1ridgm4ARreVTpZjU6mzppESBrbpXRAWC',54.17,1.00,55.17,0.00602657,'2020-07-19 19:19:17',0),(320,'1Q4zGxMAHddMiLcpDmVeYABsXUEkqJRtKT',54.17,1.00,55.17,0.00602118,'2020-07-19 19:32:02',0),(321,'1PyKeafVjHuxJykXztcjrPxmZwWDGUsZtV',54.17,1.00,55.17,0.00602105,'2020-07-19 19:36:07',0),(322,'1PM4C6MocqPgFpVEtmU5JYMeTkEbiFz4H6',54.17,1.00,55.17,0.00602340,'2020-07-19 19:41:33',0),(323,'1P8aij7zhfXJXLZGA1ryw6nhk6wtTReVJn',54.17,1.00,55.17,0.00601935,'2020-07-19 19:57:03',0),(324,'1Nyc9NNe5TBMPuLbU1vFm96sKEfKq5p1T9',54.17,1.00,55.17,0.00600217,'2020-07-20 01:43:58',0),(325,'1NXVZrPHKHG9RJ6MLzQxP3FYJVHXVj9oMp',54.17,1.00,55.17,0.00600352,'2020-07-20 01:44:47',0),(326,'1NH6yvdwHvitjLTrTr8zThcU44PWnqZrQH',54.17,1.00,55.17,0.00600290,'2020-07-20 01:50:34',0),(327,'1NbSsziS3jt85sNMY5RpfuL5qSMsN3V2Ci',54.17,1.00,55.17,0.00600490,'2020-07-20 01:53:28',0),(328,'1Mt1mHWrjVA5MQYexFa2vEEvWZiuUSCgVm',54.17,1.00,55.17,0.00600895,'2020-07-20 01:59:14',0),(329,'1MFB87JZo8PqsR9YxSonFa1PvnhV75GMZU',54.17,1.00,55.17,0.00601067,'2020-07-20 02:03:43',0),(330,'1MbpC21mycmS4gZs1Tnxp4AQmKA3XFFG4X',54.17,1.00,55.17,0.00600916,'2020-07-20 02:08:04',0),(331,'1LYzsisHj2JaGAe4FSRBgW1gq5WcjCWtZr',54.17,1.00,55.17,0.00600271,'2020-07-20 02:29:47',0),(332,'1LpH8nGhq2zjEk5EdwuxbHB5PfTpPpiAu2',54.17,1.00,55.17,0.00600305,'2020-07-20 02:51:06',0),(333,'1LNagQSzrjN5Q6srnoRGiDgMdPs7zWf36d',54.17,1.00,55.17,0.00600989,'2020-07-21 02:50:08',0),(334,'1LgX17dkqxL9Evy2CMUvbRNa3ZvUa95k7i',54.17,1.00,55.17,0.00591796,'2020-07-21 08:13:10',0),(335,'1Lbwu7EbfXtkQRCTbfCC9Wqe5VFuAWm85o',54.17,1.00,55.17,0.00494687,'2020-07-28 15:43:15',0),(336,'1L7JZ3bR7EAmU9hUZmAYbwb3tm8927ZTbn',54.17,1.00,55.17,0.00501028,'2020-07-28 20:03:04',0),(337,'1Ky4w1gkrKe2qafkobfTVwUBc8LSXuZYNS',54.17,1.00,55.17,0.00502105,'2020-07-29 03:52:59',0),(338,'1KVtasX8eKWCUEJidmrdopcRzY7AdwEnQg',54.17,1.00,55.17,0.00503088,'2020-07-29 04:06:26',0),(339,'1KRUrvuFMgHZ6Gmk7ZxVLXgev6k4UTAaHA',54.17,1.00,55.17,0.00503784,'2020-07-29 05:13:37',0),(340,'1KoQLtXMtK9QdaFvCborQ9ZmhkDS9UunWZ',54.17,1.00,55.17,0.00503784,'2020-07-29 05:14:27',0),(341,'1Ki6nFfuC9AXXVUAKrgX6LVZxKMQWCTV2f',54.17,1.00,55.17,0.00502361,'2020-07-29 05:30:39',0),(342,'1KHSekBqrski52fz2p437jS6dpXDEbA7qY',54.17,1.00,55.17,0.00499796,'2020-07-29 07:53:26',0),(343,'1KavMPRbEduVuasRwF65ffWQriHmZ2BT4U',54.17,1.00,55.17,0.00499711,'2020-07-29 07:55:22',0),(344,'1K9YbQXWdd3XnTArLshGt2QjH5Rjd6ARbh',54.17,1.00,55.17,0.00499797,'2020-07-29 07:57:56',0),(345,'1jppZd8Vp187GnTRSa22chModjYcKbxh3',54.17,1.00,55.17,0.00497137,'2020-07-29 08:42:56',0),(346,'1JKpQeNTv7BNAhccuVVoHGWMV76zT64hkB',54.17,1.00,55.17,0.00500331,'2020-07-29 10:32:41',0),(347,'1JiYnyUemHe1VDkJYsz3f7XBdRxXfWKN1y',54.17,1.00,55.17,0.00491071,'2020-07-29 16:47:38',0),(348,'1JEKp4RschtQTVAM8MUXyVqMHaajkgZUx2',54.17,1.00,55.17,0.00489995,'2020-07-29 16:53:51',0),(349,'1Jcxh7CFDj7dmtTt3kk6uiy6Rd27hKLS6L',54.17,1.00,55.17,0.00489484,'2020-07-29 16:55:16',0),(350,'1Hx3gSNMSVDA5HuMAX1VXFJ9MdqbMViTia',54.17,1.00,55.17,0.00489126,'2020-07-29 17:00:54',0),(351,'1HSr9BchKwjDNp6qNdZ7DenLjhrbxZCSGP',54.17,1.00,55.17,0.00488926,'2020-07-29 17:05:27',0),(352,'1XBrW18hSWbwMUXDnQ5JDVS3dRuwkk4pY',58.97,1.00,59.97,0.00535675,'2020-07-29 17:39:38',0),(353,'1TCNoeZzzrxhNSc5LgDniFexUiraTxAXk',58.97,1.00,59.97,0.00534554,'2020-07-29 17:43:11',0),(354,'1ridgm4ARreVTpZjU6mzppESBrbpXRAWC',58.97,1.00,59.97,0.00534889,'2020-07-29 17:46:03',0),(355,'1Q4zGxMAHddMiLcpDmVeYABsXUEkqJRtKT',58.97,1.00,59.97,0.00534982,'2020-07-29 17:48:21',0),(356,'1PyKeafVjHuxJykXztcjrPxmZwWDGUsZtV',58.97,1.00,59.97,0.00534812,'2020-07-29 17:50:55',0),(357,'1PM4C6MocqPgFpVEtmU5JYMeTkEbiFz4H6',58.97,1.00,59.97,0.00534647,'2020-07-29 17:52:51',0),(358,'1P8aij7zhfXJXLZGA1ryw6nhk6wtTReVJn',58.97,1.00,59.97,0.00535395,'2020-07-29 17:53:59',0),(359,'1Nyc9NNe5TBMPuLbU1vFm96sKEfKq5p1T9',58.97,1.00,59.97,0.00535827,'2020-07-29 17:55:06',0),(360,'1NXVZrPHKHG9RJ6MLzQxP3FYJVHXVj9oMp',58.97,1.00,59.97,0.00535613,'2020-07-29 17:59:08',0),(361,'1NH6yvdwHvitjLTrTr8zThcU44PWnqZrQH',58.97,1.00,59.97,0.00536350,'2020-07-29 18:00:37',0),(362,'1NbSsziS3jt85sNMY5RpfuL5qSMsN3V2Ci',58.97,1.00,59.97,0.00536219,'2020-07-29 18:02:43',0),(363,'1Mt1mHWrjVA5MQYexFa2vEEvWZiuUSCgVm',58.97,1.00,59.97,0.00535373,'2020-07-29 18:04:59',0),(364,'1MFB87JZo8PqsR9YxSonFa1PvnhV75GMZU',58.97,1.00,59.97,0.00534645,'2020-07-29 18:08:20',0),(365,'1MbpC21mycmS4gZs1Tnxp4AQmKA3XFFG4X',58.97,1.00,59.97,0.00534705,'2020-07-29 18:12:26',0),(366,'1LYzsisHj2JaGAe4FSRBgW1gq5WcjCWtZr',58.97,1.00,59.97,0.00534112,'2020-07-29 18:17:24',0),(367,'1LpH8nGhq2zjEk5EdwuxbHB5PfTpPpiAu2',58.97,1.00,59.97,0.00534112,'2020-07-29 18:17:46',0),(368,'1LNagQSzrjN5Q6srnoRGiDgMdPs7zWf36d',58.97,1.00,59.97,0.00534296,'2020-07-29 18:21:47',0),(369,'1LgX17dkqxL9Evy2CMUvbRNa3ZvUa95k7i',58.97,1.00,59.97,0.00532494,'2020-07-29 18:55:34',0),(370,'1Lbwu7EbfXtkQRCTbfCC9Wqe5VFuAWm85o',58.97,1.00,59.97,0.00535168,'2020-07-29 19:56:40',0),(371,'1L7JZ3bR7EAmU9hUZmAYbwb3tm8927ZTbn',58.97,1.00,59.97,0.00535227,'2020-07-29 19:58:56',0),(372,'1Ky4w1gkrKe2qafkobfTVwUBc8LSXuZYNS',58.97,1.00,59.97,0.00534876,'2020-07-29 20:50:13',0),(373,'1KVtasX8eKWCUEJidmrdopcRzY7AdwEnQg',58.97,1.00,59.97,0.00533972,'2020-07-29 20:57:41',0),(374,'1KRUrvuFMgHZ6Gmk7ZxVLXgev6k4UTAaHA',58.97,1.00,59.97,0.00532567,'2020-07-29 21:41:38',0),(375,'1KoQLtXMtK9QdaFvCborQ9ZmhkDS9UunWZ',58.97,1.00,59.97,0.00532502,'2020-07-29 21:43:31',0),(376,'1Ki6nFfuC9AXXVUAKrgX6LVZxKMQWCTV2f',58.97,1.00,59.97,0.00531027,'2020-07-29 22:18:00',0),(377,'1KHSekBqrski52fz2p437jS6dpXDEbA7qY',58.97,1.00,59.97,0.00531711,'2020-07-29 22:44:42',0),(378,'1KavMPRbEduVuasRwF65ffWQriHmZ2BT4U',58.97,1.00,59.97,0.00531274,'2020-07-29 22:45:49',0),(379,'1K9YbQXWdd3XnTArLshGt2QjH5Rjd6ARbh',58.97,1.00,59.97,0.00531321,'2020-07-29 22:46:08',0),(380,'1jppZd8Vp187GnTRSa22chModjYcKbxh3',58.97,1.00,59.97,0.00531324,'2020-07-29 22:48:08',0),(381,'1JKpQeNTv7BNAhccuVVoHGWMV76zT64hkB',58.97,1.00,59.97,0.00531438,'2020-07-29 22:49:18',0),(382,'1JiYnyUemHe1VDkJYsz3f7XBdRxXfWKN1y',58.97,1.00,59.97,0.00531968,'2020-07-29 22:52:45',0),(383,'1JEKp4RschtQTVAM8MUXyVqMHaajkgZUx2',58.97,1.00,59.97,0.00532476,'2020-07-29 22:54:49',0),(384,'1Jcxh7CFDj7dmtTt3kk6uiy6Rd27hKLS6L',58.97,1.00,59.97,0.00532635,'2020-07-29 22:57:38',0),(385,'1Hx3gSNMSVDA5HuMAX1VXFJ9MdqbMViTia',58.97,1.00,59.97,0.00534456,'2020-07-29 23:07:47',0),(386,'1HSr9BchKwjDNp6qNdZ7DenLjhrbxZCSGP',58.97,1.00,59.97,0.00539055,'2020-07-29 23:19:59',0),(387,'1HBREAjqyPetK2wvv4Beuh7gvQkBsTTzqU',58.97,1.00,59.97,0.00540555,'2020-07-29 23:24:52',0),(388,'1HbCCNiRNEazMH4BYAhujyQY9TT2Z4pqZ3',58.97,1.00,59.97,0.00540586,'2020-07-30 00:57:13',0),(389,'1H6tdGFXfJapCtkr2pwV5Na7Q96qmWYYrM',58.97,1.00,59.97,0.00540736,'2020-07-30 01:25:50',0),(390,'1GrVrwUxDzngwZ7dwArsfygvagSgEAPv9c',58.97,1.00,59.97,0.00541161,'2020-07-30 01:38:09',0),(391,'1G3aG8pFvWW9hviNe8PTy5r5TKpQ6MSX8L',58.97,1.00,59.97,0.00541324,'2020-07-30 01:39:55',0),(392,'1FzMzTBLURVJwqvDqwfDY2pD3AZGaCuWgp',58.97,1.00,59.97,0.00541278,'2020-07-30 01:40:23',0),(393,'1FTCg61Kb6LMx5Uqis8Txgbd95tocnzF1s',58.97,1.00,59.97,0.00541101,'2020-07-30 01:56:35',0),(394,'1FmBCvT7y39LmFJSSSHPn9PpjrUjfSVTEL',58.97,1.00,59.97,0.00541627,'2020-07-30 01:57:36',0),(395,'1Fg4Zm4U8STWa9whh2KenCJbyKxKqcQAaW',58.97,1.00,59.97,0.00541627,'2020-07-30 01:57:48',0),(396,'1f4eLHZEJ6C8WqGgL1w6JsM714xE5643k',58.97,1.00,59.97,0.00543300,'2020-07-30 02:42:38',0),(397,'1F4d5RnfPwne5aZsq7kqjHufMvuCoJMdAF',58.97,1.00,59.97,0.00544832,'2020-07-30 02:48:27',0),(398,'1ErAQq8aBSMjWAgsJyQeTYwzWsb2YYtS2K',58.97,1.00,59.97,0.00545503,'2020-07-30 03:02:44',0),(399,'1eCBVn1s5i8vKoRktYMW2kpLoMGuTLytT',58.97,1.00,59.97,0.00542902,'2020-07-30 03:24:24',0),(400,'1ebeHFPJbNNizDzgBKB1cAFZPsdc2fq2F',58.97,1.00,59.97,0.00542870,'2020-07-30 03:25:44',0),(401,'1E855pzsBrQGWB8dp9vv2nQBdmtaKZ53yw',58.97,1.00,59.97,0.00542932,'2020-07-30 03:26:20',0),(402,'1Dh1FDKNLfYNKrRS8GV633xiQ9gs6tPJVp',58.97,1.00,59.97,0.00543343,'2020-07-30 03:34:12',0),(403,'1Dgj6pZ76hdA9kZpxhDJyECFUMta1CPdXj',58.97,1.00,59.97,0.00543549,'2020-07-30 03:38:24',0),(404,'1DfcJL3wipqRVeWVU9Eev3nsLkXJXdUzgs',58.97,1.00,59.97,0.00544264,'2020-07-30 03:46:12',0),(405,'1CwegppQyMirtwVC1nkxEwCCt4MaGjmBG9',58.97,1.00,59.97,0.00544408,'2020-07-30 03:49:08',0),(406,'1CQdQKs9cJrHKKg7s6S6ZTA9RbwpbTbGy9',58.97,1.00,59.97,0.00545058,'2020-07-30 03:57:21',0),(407,'1C4vvWAjeuWUUpR88f2AbW7kFA1GXYcn1G',58.97,1.00,59.97,0.00543721,'2020-07-30 04:04:11',0),(408,'1Boufb5fogvooNfcW5MUFwXiKyesym1oed',58.97,1.00,59.97,0.00543599,'2020-07-30 04:53:32',0),(409,'1BJZQ2kLUh9xoyRq7s88dYkVoConhBJs5L',58.97,1.00,59.97,0.00543654,'2020-07-30 05:11:52',0),(410,'1B9PT5HzPXCR2hboenxZaQQCsciWVeaxYP',58.97,1.00,59.97,0.00545949,'2020-07-30 05:40:10',0),(411,'1Arg2EF7vzVdzu2hXsoFfewYMiCVtkxPvE',58.97,1.00,59.97,0.00544768,'2020-07-30 06:10:15',0),(412,'1AnmKKYh4hH8w5TKMWk6xfUud4HYD7k4xW',58.97,1.00,59.97,0.00544423,'2020-07-30 06:14:51',0),(413,'1AmiRPUX7cCspkUupqVcax61zqCAEpEQow',58.97,1.00,59.97,0.00545184,'2020-07-30 06:36:18',0),(414,'1AcVqu2AAn1guwxFdzciW1samRyf9B9z7j',58.97,1.00,59.97,0.00545684,'2020-07-30 06:38:53',0),(415,'1ACVLTST4G1CpA23jGuG5tS1WP373PoBVc',58.97,1.00,59.97,0.00546678,'2020-07-30 07:20:13',0),(416,'1AawwsdDniytxtt5fsnvHBASHywRmp2nr4',58.97,1.00,59.97,0.00546717,'2020-07-30 07:20:26',0),(417,'19ssdAioVaHpRt2bn3gYoVCFhdBYfyfELQ',58.97,1.00,59.97,0.00548282,'2020-07-30 07:41:01',0),(418,'19rBVmtnRaWHyLDt9TmNK5y6vmGFUwp95V',58.97,1.00,59.97,0.00549010,'2020-07-30 07:44:50',0),(419,'19iAEUbC57VsbbSGPp7uaATQTf98V4mx77',58.97,1.00,59.97,0.00549062,'2020-07-30 07:45:19',0),(420,'18sHbXsjpQF4CJ53UWmaJcC1PAADqG1f1w',58.97,1.00,59.97,0.00549001,'2020-07-30 07:47:51',0),(421,'18mGajZBAi6b9AfwmXiteANW2HwSwsvARq',58.97,1.00,59.97,0.00547875,'2020-07-30 07:53:20',0),(422,'18iA6mGdoRKroaWjSFc3ygqte7nxQc4w5J',58.97,1.00,59.97,0.00548043,'2020-07-30 07:56:22',0),(423,'18fGwoq82QQVcAnLjPGdnQYWLmD42p7xU5',58.97,1.00,59.97,0.00548095,'2020-07-30 07:57:17',0),(424,'18DBfZTEjKS9yFL6nnCSLuZnj3gcaT1xwY',58.97,1.00,59.97,0.00545912,'2020-07-30 09:56:45',0),(425,'18bbU3e8ykBQBtewvFv3QiLUW49tNMTs63',58.97,1.00,59.97,0.00547494,'2020-07-30 10:29:26',0),(426,'17wsgGksV8MnNXQyk7EcFp1Jxf4NRNm1jr',58.97,1.00,59.97,0.00548001,'2020-07-30 11:23:54',0),(427,'17tngyFHvZwEBaUZozJE7uxiRsyKtrwnuh',58.97,1.00,59.97,0.00545116,'2020-07-30 15:37:53',0),(428,'17k4Gs1RHhTEcfQ4oX4U8C33Armg3ggeAC',58.97,1.00,59.97,0.00544938,'2020-07-30 15:43:41',0),(429,'17fWrnxx3jMftttrJwXfnx35DifS7w6hE9',58.97,1.00,59.97,0.00542603,'2020-07-30 17:57:25',0),(430,'17dxxqZUyejxsfqUDUz8cJL4ZQCoksDNwm',58.97,1.00,59.97,0.00542825,'2020-07-30 17:59:54',0),(431,'15TGtRXNpe6rpYLxavfEAb95ZquJpSTrSY',58.97,1.00,59.97,0.00542728,'2020-07-30 18:01:17',0),(432,'15SSNbm7MJ4EJfrJpTnDY4MZxQ4caj5MMi',58.97,1.00,59.97,0.00542728,'2020-07-30 18:01:30',0),(433,'15sSeA9hhSUXayWVkqzUvMAxT9JfenVy3h',58.97,1.00,59.97,0.00541676,'2020-07-30 18:04:26',0),(434,'15qV3Evv9pdxHkThm19h4GgK2gxf4UfdC2',58.97,1.00,59.97,0.00541264,'2020-07-30 18:06:11',0),(435,'15aWHviRzgM56YCEXBnx4EHjSbf1rJ72ES',58.97,1.00,59.97,0.00541282,'2020-07-30 18:06:20',0),(436,'151Cm7xHeQtGxg2UavZRAnqHDmj8fvpqWx',58.97,1.00,59.97,0.00539896,'2020-07-30 19:10:18',0),(437,'14WFF21m99fVBkzsKCzwG2BUhrUe3hhBVr',58.97,1.00,59.97,0.00539355,'2020-07-30 19:25:46',0),(438,'14teuBw4jeW5ZPsVwZhsGECaYc95CbMuEc',58.97,1.00,59.97,0.00539769,'2020-07-30 19:33:46',0),(439,'14Sp4V3tK2pySGD5YK1JTU57hM8hM7M9VV',58.97,1.00,59.97,0.00537660,'2020-07-30 20:23:58',0),(440,'13zxMy9QZMepuKPJ8wb4iWaxjeXVDysvX3',58.97,1.00,59.97,0.00537421,'2020-07-30 21:11:34',0),(441,'13wSf9fj5BxvFcCdSKJ73XTnYHoKPMk1e5',58.97,1.00,59.97,0.00539093,'2020-07-30 21:13:57',0),(442,'13JqnfkaLreGM2Uzt8f4HMAiLAHHMicE9A',58.97,1.00,59.97,0.00538109,'2020-07-30 21:18:52',0),(443,'1375jnD5TXpX5rHUPzYGQkHZnsRHn2v41F',58.97,1.00,59.97,0.00537827,'2020-07-30 21:19:42',0),(444,'12yg36ZoDPYbUCrCNqQeaix4C4mV8w494B',58.97,1.00,59.97,0.00537718,'2020-07-30 21:20:58',0),(445,'12TXuWbpqfMeioAzSSeqhD3poFspZDfUJ1',58.97,1.00,59.97,0.00537664,'2020-07-30 21:22:13',0),(446,'12MoBX4ee9hVQha59bzk21Ad7aCTkTM5yX',58.97,1.00,59.97,0.00539045,'2020-07-30 21:23:31',0),(447,'126znDESbQ9KUTBbru2qxaENAujR6voVNK',58.97,1.00,59.97,0.00539019,'2020-07-30 21:25:46',0),(448,'1253PjdUnQfY2bnSFVeh2Vh4deQraEf3rs',58.97,1.00,59.97,0.00540939,'2020-07-31 00:39:45',0),(449,'123DXbJ6ac1sZ1owmBTtF6StA8eWKdvgEu',58.97,1.00,59.97,0.00541318,'2020-07-31 00:41:27',0),(450,'121oHbJ1NJU6pytS2Sxv5BcfmqB6z1j2Vv',58.97,1.00,59.97,0.00541318,'2020-07-31 00:41:44',0),(451,'121zx7jtSojearJk6cpmAkQUPoDTbZBET3',58.97,1.00,59.97,0.00543666,'2020-07-31 01:22:09',0),(452,'1XBrW18hSWbwMUXDnQ5JDVS3dRuwkk4pY',58.97,1.00,59.97,0.00544596,'2020-07-31 01:30:46',0),(453,'1TCNoeZzzrxhNSc5LgDniFexUiraTxAXk',58.97,1.00,59.97,0.00538802,'2020-07-31 09:04:22',0),(454,'1ridgm4ARreVTpZjU6mzppESBrbpXRAWC',58.97,1.00,59.97,0.00537761,'2020-07-31 09:18:42',0),(455,'1Q4zGxMAHddMiLcpDmVeYABsXUEkqJRtKT',58.97,1.00,59.97,0.00537718,'2020-07-31 09:21:58',0),(456,'1PyKeafVjHuxJykXztcjrPxmZwWDGUsZtV',58.97,1.00,59.97,0.00527088,'2020-07-31 20:42:44',0),(457,'1PM4C6MocqPgFpVEtmU5JYMeTkEbiFz4H6',58.97,1.00,59.97,0.00526168,'2020-07-31 21:24:38',0),(458,'1P8aij7zhfXJXLZGA1ryw6nhk6wtTReVJn',58.97,1.00,59.97,0.00525939,'2020-07-31 21:28:51',0),(459,'1Nyc9NNe5TBMPuLbU1vFm96sKEfKq5p1T9',58.97,1.00,59.97,0.00525841,'2020-07-31 21:34:19',0),(460,'1NXVZrPHKHG9RJ6MLzQxP3FYJVHXVj9oMp',58.97,1.00,59.97,0.00525678,'2020-07-31 21:35:43',0),(461,'1NH6yvdwHvitjLTrTr8zThcU44PWnqZrQH',58.97,1.00,59.97,0.00525675,'2020-07-31 21:37:07',0),(462,'1NbSsziS3jt85sNMY5RpfuL5qSMsN3V2Ci',58.97,1.00,59.97,0.00525190,'2020-07-31 21:38:49',0),(463,'1Mt1mHWrjVA5MQYexFa2vEEvWZiuUSCgVm',58.97,1.00,59.97,0.00526543,'2020-07-31 22:17:06',0),(464,'1MFB87JZo8PqsR9YxSonFa1PvnhV75GMZU',58.97,1.00,59.97,0.00527083,'2020-07-31 22:22:41',0),(465,'1MbpC21mycmS4gZs1Tnxp4AQmKA3XFFG4X',58.97,1.00,59.97,0.00527847,'2020-07-31 22:29:11',0),(466,'1LYzsisHj2JaGAe4FSRBgW1gq5WcjCWtZr',58.97,1.00,59.97,0.00527864,'2020-07-31 22:32:40',0),(467,'1LpH8nGhq2zjEk5EdwuxbHB5PfTpPpiAu2',58.97,1.00,59.97,0.00529852,'2020-07-31 23:10:08',0),(468,'1LNagQSzrjN5Q6srnoRGiDgMdPs7zWf36d',58.97,1.00,59.97,0.00530194,'2020-07-31 23:12:19',0),(469,'1LgX17dkqxL9Evy2CMUvbRNa3ZvUa95k7i',58.97,1.00,59.97,0.00530577,'2020-08-01 01:39:58',0),(470,'1Lbwu7EbfXtkQRCTbfCC9Wqe5VFuAWm85o',58.97,1.00,59.97,0.00530218,'2020-08-01 01:40:58',0),(471,'1L7JZ3bR7EAmU9hUZmAYbwb3tm8927ZTbn',58.97,1.00,59.97,0.00531404,'2020-08-01 01:49:41',0),(472,'1Ky4w1gkrKe2qafkobfTVwUBc8LSXuZYNS',58.97,1.00,59.97,0.00531656,'2020-08-01 02:00:16',0),(473,'1KVtasX8eKWCUEJidmrdopcRzY7AdwEnQg',58.97,1.00,59.97,0.00512599,'2020-08-01 08:18:59',0),(474,'1KRUrvuFMgHZ6Gmk7ZxVLXgev6k4UTAaHA',58.97,1.00,59.97,0.00506787,'2020-08-01 21:27:19',0),(475,'1KoQLtXMtK9QdaFvCborQ9ZmhkDS9UunWZ',58.97,1.00,59.97,0.00524704,'2020-08-03 17:46:20',0),(476,'1Ki6nFfuC9AXXVUAKrgX6LVZxKMQWCTV2f',58.97,1.00,59.97,0.00524786,'2020-08-03 17:47:26',0),(477,'1KHSekBqrski52fz2p437jS6dpXDEbA7qY',58.97,1.00,59.97,0.00524949,'2020-08-03 17:54:58',0),(478,'1KavMPRbEduVuasRwF65ffWQriHmZ2BT4U',58.97,1.00,59.97,0.00525202,'2020-08-03 17:57:24',0),(479,'1K9YbQXWdd3XnTArLshGt2QjH5Rjd6ARbh',58.97,1.00,59.97,0.00524881,'2020-08-03 17:58:55',0),(480,'1jppZd8Vp187GnTRSa22chModjYcKbxh3',58.97,1.00,59.97,0.00524327,'2020-08-03 18:01:22',0),(481,'1JKpQeNTv7BNAhccuVVoHGWMV76zT64hkB',58.97,1.00,59.97,0.00525250,'2020-08-03 18:08:26',0),(482,'1JiYnyUemHe1VDkJYsz3f7XBdRxXfWKN1y',58.97,1.00,59.97,0.00525761,'2020-08-03 18:21:02',0),(483,'1JEKp4RschtQTVAM8MUXyVqMHaajkgZUx2',58.97,1.00,59.97,0.00525572,'2020-08-03 18:22:10',0),(484,'1Jcxh7CFDj7dmtTt3kk6uiy6Rd27hKLS6L',58.97,1.00,59.97,0.00525504,'2020-08-03 18:23:43',0),(485,'1Hx3gSNMSVDA5HuMAX1VXFJ9MdqbMViTia',58.97,1.00,59.97,0.00525668,'2020-08-03 18:24:44',0),(486,'1HSr9BchKwjDNp6qNdZ7DenLjhrbxZCSGP',58.97,1.00,59.97,0.00525761,'2020-08-03 18:25:49',0),(487,'1HBREAjqyPetK2wvv4Beuh7gvQkBsTTzqU',58.97,1.00,59.97,0.00526029,'2020-08-03 18:27:11',0),(488,'1HbCCNiRNEazMH4BYAhujyQY9TT2Z4pqZ3',58.97,1.00,59.97,0.00526207,'2020-08-03 18:27:44',0),(489,'1H6tdGFXfJapCtkr2pwV5Na7Q96qmWYYrM',58.97,1.00,59.97,0.00525864,'2020-08-03 18:31:52',0),(490,'1GrVrwUxDzngwZ7dwArsfygvagSgEAPv9c',58.97,1.00,59.97,0.00525922,'2020-08-03 18:34:01',0),(491,'1G3aG8pFvWW9hviNe8PTy5r5TKpQ6MSX8L',58.97,1.00,59.97,0.00525884,'2020-08-03 18:36:21',0),(492,'1FzMzTBLURVJwqvDqwfDY2pD3AZGaCuWgp',58.97,1.00,59.97,0.00525800,'2020-08-03 18:36:48',0),(493,'1FTCg61Kb6LMx5Uqis8Txgbd95tocnzF1s',58.97,1.00,59.97,0.00525000,'2020-08-03 18:46:11',0),(494,'1FmBCvT7y39LmFJSSSHPn9PpjrUjfSVTEL',58.97,1.00,59.97,0.00525870,'2020-08-03 18:57:44',0),(495,'1Fg4Zm4U8STWa9whh2KenCJbyKxKqcQAaW',58.97,1.00,59.97,0.00524798,'2020-08-03 19:02:01',0),(496,'1f4eLHZEJ6C8WqGgL1w6JsM714xE5643k',58.97,1.00,59.97,0.00524936,'2020-08-03 19:04:13',0),(497,'1F4d5RnfPwne5aZsq7kqjHufMvuCoJMdAF',58.97,1.00,59.97,0.00524951,'2020-08-03 19:04:39',0),(498,'1ErAQq8aBSMjWAgsJyQeTYwzWsb2YYtS2K',58.97,1.00,59.97,0.00525168,'2020-08-03 19:05:43',0),(499,'1eCBVn1s5i8vKoRktYMW2kpLoMGuTLytT',58.97,1.00,59.97,0.00525893,'2020-08-03 19:07:05',0),(500,'1ebeHFPJbNNizDzgBKB1cAFZPsdc2fq2F',58.97,1.00,59.97,0.00525804,'2020-08-03 19:07:51',0),(501,'1E855pzsBrQGWB8dp9vv2nQBdmtaKZ53yw',58.97,1.00,59.97,0.00526209,'2020-08-03 19:52:04',0),(502,'1Dh1FDKNLfYNKrRS8GV633xiQ9gs6tPJVp',58.97,1.00,59.97,0.00532158,'2020-08-04 05:50:35',0),(503,'1Dgj6pZ76hdA9kZpxhDJyECFUMta1CPdXj',58.97,1.00,59.97,0.00532739,'2020-08-04 06:39:10',0),(504,'1DfcJL3wipqRVeWVU9Eev3nsLkXJXdUzgs',58.97,1.00,59.97,0.00532744,'2020-08-05 04:41:39',0),(505,'1CwegppQyMirtwVC1nkxEwCCt4MaGjmBG9',58.97,1.00,59.97,0.00510623,'2020-08-06 00:58:47',0),(506,'1CQdQKs9cJrHKKg7s6S6ZTA9RbwpbTbGy9',58.97,1.00,59.97,0.00519066,'2020-08-08 05:01:36',0),(507,'1C4vvWAjeuWUUpR88f2AbW7kFA1GXYcn1G',58.97,1.00,59.97,0.00518668,'2020-08-08 05:05:10',0),(508,'1Boufb5fogvooNfcW5MUFwXiKyesym1oed',58.97,1.00,59.97,0.00518493,'2020-08-08 05:07:53',0),(509,'1BJZQ2kLUh9xoyRq7s88dYkVoConhBJs5L',58.97,1.00,59.97,0.00518225,'2020-08-08 05:08:46',0),(510,'1B9PT5HzPXCR2hboenxZaQQCsciWVeaxYP',58.97,1.00,59.97,0.00517825,'2020-08-08 05:11:22',0),(511,'1Arg2EF7vzVdzu2hXsoFfewYMiCVtkxPvE',58.97,1.00,59.97,0.00517885,'2020-08-08 05:13:42',0),(512,'1AnmKKYh4hH8w5TKMWk6xfUud4HYD7k4xW',58.97,1.00,59.97,0.00518163,'2020-08-08 05:28:03',0),(513,'1AmiRPUX7cCspkUupqVcax61zqCAEpEQow',58.97,1.00,59.97,0.00517326,'2020-08-08 05:43:51',0),(514,'1AcVqu2AAn1guwxFdzciW1samRyf9B9z7j',58.97,1.00,59.97,0.00516979,'2020-08-08 05:45:03',0),(515,'1ACVLTST4G1CpA23jGuG5tS1WP373PoBVc',58.97,1.00,59.97,0.00516685,'2020-08-08 06:20:17',0),(516,'1AawwsdDniytxtt5fsnvHBASHywRmp2nr4',58.97,1.00,59.97,0.00516306,'2020-08-08 06:22:47',0),(517,'19ssdAioVaHpRt2bn3gYoVCFhdBYfyfELQ',58.97,1.00,59.97,0.00515850,'2020-08-08 06:25:40',0),(518,'19rBVmtnRaWHyLDt9TmNK5y6vmGFUwp95V',58.97,1.00,59.97,0.00515739,'2020-08-08 06:27:27',0),(519,'19iAEUbC57VsbbSGPp7uaATQTf98V4mx77',58.97,1.00,59.97,0.00516347,'2020-08-08 06:35:47',0),(520,'18sHbXsjpQF4CJ53UWmaJcC1PAADqG1f1w',58.97,1.00,59.97,0.00515602,'2020-08-08 07:32:36',0),(521,'18mGajZBAi6b9AfwmXiteANW2HwSwsvARq',56.53,1.00,57.53,0.00494665,'2020-08-08 07:49:23',0),(522,'18iA6mGdoRKroaWjSFc3ygqte7nxQc4w5J',668.99,6.69,675.68,0.05813415,'2020-08-08 07:54:54',0),(523,'18fGwoq82QQVcAnLjPGdnQYWLmD42p7xU5',152.67,1.53,154.20,0.01329102,'2020-08-08 08:18:25',0),(524,'18DBfZTEjKS9yFL6nnCSLuZnj3gcaT1xwY',337.42,3.37,340.79,0.02940331,'2020-08-08 08:24:44',0),(525,'18bbU3e8ykBQBtewvFv3QiLUW49tNMTs63',39.99,1.00,40.99,0.00353679,'2020-08-08 08:32:50',0),(526,'17wsgGksV8MnNXQyk7EcFp1Jxf4NRNm1jr',483.27,4.83,488.10,0.04209817,'2020-08-08 08:34:11',0),(527,'17tngyFHvZwEBaUZozJE7uxiRsyKtrwnuh',149.76,1.50,151.26,0.01304603,'2020-08-08 08:34:48',0),(528,'17k4Gs1RHhTEcfQ4oX4U8C33Armg3ggeAC',212.28,2.12,214.40,0.01845341,'2020-08-08 09:06:47',0),(529,'17fWrnxx3jMftttrJwXfnx35DifS7w6hE9',419.99,4.20,424.19,0.03644293,'2020-08-08 09:13:56',0),(530,'17dxxqZUyejxsfqUDUz8cJL4ZQCoksDNwm',498.96,4.99,503.95,0.04324775,'2020-08-08 09:15:13',0),(531,'15TGtRXNpe6rpYLxavfEAb95ZquJpSTrSY',214.43,2.14,216.57,0.01857897,'2020-08-08 09:26:08',0),(532,'15SSNbm7MJ4EJfrJpTnDY4MZxQ4caj5MMi',214.84,2.15,216.99,0.01847500,'2020-08-08 10:06:48',0),(533,'15sSeA9hhSUXayWVkqzUvMAxT9JfenVy3h',29.12,1.00,30.12,0.00256475,'2020-08-08 10:15:17',0),(534,'15qV3Evv9pdxHkThm19h4GgK2gxf4UfdC2',463.59,4.64,468.23,0.03987808,'2020-08-08 10:17:36',0),(535,'15aWHviRzgM56YCEXBnx4EHjSbf1rJ72ES',46.79,1.00,47.79,0.00406697,'2020-08-08 10:18:53',0),(536,'151Cm7xHeQtGxg2UavZRAnqHDmj8fvpqWx',509.00,5.09,514.09,0.04367931,'2020-08-08 10:21:29',0),(537,'14WFF21m99fVBkzsKCzwG2BUhrUe3hhBVr',539.98,5.40,545.38,0.04635462,'2020-08-08 10:22:50',0),(538,'14teuBw4jeW5ZPsVwZhsGECaYc95CbMuEc',244.98,2.45,247.43,0.02103721,'2020-08-08 10:23:50',0),(539,'14Sp4V3tK2pySGD5YK1JTU57hM8hM7M9VV',659.97,6.60,666.57,0.05656133,'2020-08-08 10:31:25',0),(540,'13zxMy9QZMepuKPJ8wb4iWaxjeXVDysvX3',25.68,1.00,26.68,0.00226330,'2020-08-08 10:32:35',0),(541,'13wSf9fj5BxvFcCdSKJ73XTnYHoKPMk1e5',206.47,2.06,208.53,0.01770997,'2020-08-08 10:35:05',0),(542,'13JqnfkaLreGM2Uzt8f4HMAiLAHHMicE9A',23.96,1.00,24.96,0.00212171,'2020-08-08 10:36:55',0),(543,'1375jnD5TXpX5rHUPzYGQkHZnsRHn2v41F',254.94,2.55,257.49,0.02190831,'2020-08-08 10:57:23',0),(544,'12yg36ZoDPYbUCrCNqQeaix4C4mV8w494B',314.98,3.15,318.13,0.02707120,'2020-08-08 11:01:33',0),(545,'12TXuWbpqfMeioAzSSeqhD3poFspZDfUJ1',548.95,5.49,554.44,0.04709629,'2020-08-08 11:04:15',0),(546,'12MoBX4ee9hVQha59bzk21Ad7aCTkTM5yX',151.93,1.52,153.45,0.01303111,'2020-08-08 11:08:12',0),(547,'126znDESbQ9KUTBbru2qxaENAujR6voVNK',94.98,1.00,95.98,0.00815080,'2020-08-08 11:09:08',0),(548,'1253PjdUnQfY2bnSFVeh2Vh4deQraEf3rs',87.44,1.00,88.44,0.00751048,'2020-08-08 11:09:56',0),(549,'123DXbJ6ac1sZ1owmBTtF6StA8eWKdvgEu',87.44,1.00,88.44,0.00749942,'2020-08-08 11:13:05',0),(550,'121oHbJ1NJU6pytS2Sxv5BcfmqB6z1j2Vv',2015.83,20.16,2035.99,0.17275122,'2020-08-08 11:25:15',0),(551,'121zx7jtSojearJk6cpmAkQUPoDTbZBET3',474.45,4.74,479.19,0.04068194,'2020-08-08 11:26:24',0),(552,'1XBrW18hSWbwMUXDnQ5JDVS3dRuwkk4pY',85.44,1.00,86.44,0.00730914,'2020-08-11 04:41:02',0),(553,'1TCNoeZzzrxhNSc5LgDniFexUiraTxAXk',40.83,1.00,41.83,0.00353421,'2020-08-11 04:44:35',0),(554,'1ridgm4ARreVTpZjU6mzppESBrbpXRAWC',244.98,2.45,247.43,0.02090630,'2020-08-11 04:45:18',0),(555,'1Q4zGxMAHddMiLcpDmVeYABsXUEkqJRtKT',558.99,5.59,564.58,0.04770351,'2020-08-11 04:46:07',0),(556,'1PyKeafVjHuxJykXztcjrPxmZwWDGUsZtV',1758.97,17.59,1776.56,0.15012785,'2020-08-11 04:46:52',0),(557,'1PM4C6MocqPgFpVEtmU5JYMeTkEbiFz4H6',121.98,1.22,123.20,0.01041507,'2020-08-11 04:47:17',0),(558,'1P8aij7zhfXJXLZGA1ryw6nhk6wtTReVJn',30.90,1.00,31.90,0.00269183,'2020-08-11 04:55:57',0),(559,'1Nyc9NNe5TBMPuLbU1vFm96sKEfKq5p1T9',152.32,1.52,153.84,0.01298097,'2020-08-11 04:56:44',0),(560,'1NXVZrPHKHG9RJ6MLzQxP3FYJVHXVj9oMp',459.90,4.60,464.50,0.03923660,'2020-08-11 05:00:01',0),(561,'1NH6yvdwHvitjLTrTr8zThcU44PWnqZrQH',31.52,1.00,32.52,0.00274811,'2020-08-11 05:00:40',0),(562,'1MFB87JZo8PqsR9YxSonFa1PvnhV75GMZU',105.40,1.05,106.45,0.00897630,'2020-08-11 05:58:55',0),(563,'1LpH8nGhq2zjEk5EdwuxbHB5PfTpPpiAu2',240.63,2.41,243.04,0.02049972,'2020-08-11 06:05:28',0),(564,'1LNagQSzrjN5Q6srnoRGiDgMdPs7zWf36d',360.68,3.61,364.29,0.03071899,'2020-08-11 06:09:16',0),(565,'1LgX17dkqxL9Evy2CMUvbRNa3ZvUa95k7i',485.44,4.85,490.29,0.04161278,'2020-08-11 06:49:59',0),(566,'1Lbwu7EbfXtkQRCTbfCC9Wqe5VFuAWm85o',42.03,1.00,43.03,0.00365941,'2020-08-11 06:54:38',0),(567,'1L7JZ3bR7EAmU9hUZmAYbwb3tm8927ZTbn',2024.98,20.25,2045.23,0.17403358,'2020-08-11 06:55:06',0),(568,'1Ky4w1gkrKe2qafkobfTVwUBc8LSXuZYNS',468.00,4.68,472.68,0.04019331,'2020-08-11 06:56:09',0),(569,'1KVtasX8eKWCUEJidmrdopcRzY7AdwEnQg',141.07,1.41,142.48,0.01211626,'2020-08-11 06:56:51',0),(570,'1KRUrvuFMgHZ6Gmk7ZxVLXgev6k4UTAaHA',244.68,2.45,247.13,0.02202957,'2020-08-12 06:08:35',0),(571,'1KoQLtXMtK9QdaFvCborQ9ZmhkDS9UunWZ',100.00,1.00,101.00,0.00899489,'2020-08-12 06:09:10',0),(572,'1Ki6nFfuC9AXXVUAKrgX6LVZxKMQWCTV2f',268.99,2.69,271.68,0.02411670,'2020-08-12 06:16:58',0),(573,'1KHSekBqrski52fz2p437jS6dpXDEbA7qY',496.47,4.96,501.43,0.04442285,'2020-08-12 06:19:28',0),(574,'1KavMPRbEduVuasRwF65ffWQriHmZ2BT4U',214.82,2.15,216.97,0.01921948,'2020-08-12 06:20:02',0),(575,'1K9YbQXWdd3XnTArLshGt2QjH5Rjd6ARbh',41.18,1.00,42.18,0.00373186,'2020-08-12 06:29:43',0),(576,'1jppZd8Vp187GnTRSa22chModjYcKbxh3',168.27,1.68,169.95,0.01498924,'2020-08-12 06:58:15',0),(577,'1JKpQeNTv7BNAhccuVVoHGWMV76zT64hkB',819.99,8.20,828.19,0.07305277,'2020-08-12 06:59:36',0),(578,'1JiYnyUemHe1VDkJYsz3f7XBdRxXfWKN1y',254.94,2.55,257.49,0.02271071,'2020-08-12 07:01:20',0),(579,'1JEKp4RschtQTVAM8MUXyVqMHaajkgZUx2',490.79,4.91,495.71,0.04360626,'2020-08-12 07:24:30',0),(580,'1Jcxh7CFDj7dmtTt3kk6uiy6Rd27hKLS6L',205.51,2.06,207.57,0.01826109,'2020-08-12 07:25:16',0),(581,'1Hx3gSNMSVDA5HuMAX1VXFJ9MdqbMViTia',103.23,1.03,104.26,0.00916325,'2020-08-12 07:29:10',0),(582,'1HSr9BchKwjDNp6qNdZ7DenLjhrbxZCSGP',28.52,1.00,29.52,0.00257716,'2020-08-12 08:39:13',0),(583,'1HBREAjqyPetK2wvv4Beuh7gvQkBsTTzqU',28.28,1.00,29.28,0.00254438,'2020-08-12 10:19:34',0),(584,'1HbCCNiRNEazMH4BYAhujyQY9TT2Z4pqZ3',147.16,1.47,148.63,0.01290468,'2020-08-12 10:35:16',0),(585,'1H6tdGFXfJapCtkr2pwV5Na7Q96qmWYYrM',389.93,3.90,393.83,0.03419185,'2020-08-12 10:36:58',0),(586,'1GrVrwUxDzngwZ7dwArsfygvagSgEAPv9c',214.45,2.14,216.59,0.01878172,'2020-08-12 10:39:48',0),(587,'1G3aG8pFvWW9hviNe8PTy5r5TKpQ6MSX8L',397.98,3.98,401.96,0.03489363,'2020-08-12 10:45:09',0),(588,'1FzMzTBLURVJwqvDqwfDY2pD3AZGaCuWgp',284.00,2.84,286.84,0.02494103,'2020-08-12 10:49:09',0),(589,'1FTCg61Kb6LMx5Uqis8Txgbd95tocnzF1s',45.07,1.00,46.07,0.00400574,'2020-08-12 10:49:54',0),(590,'1FmBCvT7y39LmFJSSSHPn9PpjrUjfSVTEL',181.52,1.82,183.34,0.01598164,'2020-08-12 11:44:02',0),(591,'1Fg4Zm4U8STWa9whh2KenCJbyKxKqcQAaW',29.58,1.00,30.58,0.00266365,'2020-08-12 11:45:39',0),(592,'1f4eLHZEJ6C8WqGgL1w6JsM714xE5643k',337.42,3.37,340.79,0.02974457,'2020-08-12 12:09:43',0),(593,'1F4d5RnfPwne5aZsq7kqjHufMvuCoJMdAF',21.53,1.00,22.53,0.00196898,'2020-08-12 12:13:05',0),(594,'1ErAQq8aBSMjWAgsJyQeTYwzWsb2YYtS2K',498.96,4.99,503.95,0.04402122,'2020-08-12 12:15:47',0),(595,'1eCBVn1s5i8vKoRktYMW2kpLoMGuTLytT',918.00,9.18,927.18,0.07998025,'2020-08-12 20:13:29',0),(596,'1ebeHFPJbNNizDzgBKB1cAFZPsdc2fq2F',657.98,6.58,664.56,0.05754770,'2020-08-12 21:08:40',0),(597,'1XBrW18hSWbwMUXDnQ5JDVS3dRuwkk4pY',43.97,1.00,44.97,0.00388538,'2020-08-12 22:22:07',0),(598,'1TCNoeZzzrxhNSc5LgDniFexUiraTxAXk',1321.96,13.22,1335.18,0.11512406,'2020-08-13 02:36:40',0),(599,'1ridgm4ARreVTpZjU6mzppESBrbpXRAWC',1324.96,13.25,1338.21,0.11580589,'2020-08-13 02:47:40',0),(600,'1Q4zGxMAHddMiLcpDmVeYABsXUEkqJRtKT',30.00,1.00,31.00,0.00268217,'2020-08-13 02:49:54',0),(601,'1PyKeafVjHuxJykXztcjrPxmZwWDGUsZtV',101.78,1.02,102.80,0.00888766,'2020-08-13 02:51:35',0),(602,'1PM4C6MocqPgFpVEtmU5JYMeTkEbiFz4H6',463.59,4.64,468.23,0.03985138,'2020-08-14 01:09:48',0),(603,'1P8aij7zhfXJXLZGA1ryw6nhk6wtTReVJn',1315.42,13.15,1328.58,0.11188956,'2020-08-15 05:54:58',0),(604,'1Nyc9NNe5TBMPuLbU1vFm96sKEfKq5p1T9',29.47,1.00,30.47,0.00256601,'2020-08-15 05:56:08',0),(605,'1NXVZrPHKHG9RJ6MLzQxP3FYJVHXVj9oMp',365.00,3.65,368.65,0.03103984,'2020-08-15 05:56:30',0),(606,'1NH6yvdwHvitjLTrTr8zThcU44PWnqZrQH',53.63,1.00,54.63,0.00463579,'2020-08-16 11:48:46',0);
/*!40000 ALTER TABLE `TRANSACTIONS` ENABLE KEYS */;
UNLOCK TABLES;

--
-- Current Database: `BusDev02`
--

CREATE DATABASE /*!32312 IF NOT EXISTS*/ `BusDev02` /*!40100 DEFAULT CHARACTER SET utf8mb4 */;

USE `BusDev02`;

--
-- Table structure for table `ACCOUNTS`
--

DROP TABLE IF EXISTS `ACCOUNTS`;
/*!40101 SET @saved_cs_client     = @@character_set_client */;
/*!40101 SET character_set_client = utf8 */;
CREATE TABLE `ACCOUNTS` (
  `Address` varchar(45) NOT NULL,
  `COUNT` int(11) NOT NULL DEFAULT '0',
  `USES` int(11) NOT NULL DEFAULT '0',
  `V` varchar(45) NOT NULL,
  PRIMARY KEY (`Address`)
) ENGINE=InnoDB DEFAULT CHARSET=utf8mb4;
/*!40101 SET character_set_client = @saved_cs_client */;

--
-- Dumping data for table `ACCOUNTS`
--

LOCK TABLES `ACCOUNTS` WRITE;
/*!40000 ALTER TABLE `ACCOUNTS` DISABLE KEYS */;
INSERT INTO `ACCOUNTS` VALUES ('1225YVXPpdx8w6m35WKM32rK29mCUBxo1t',0,0,'1'),('123ECiemxKrakKE2bCsX3McjeE41YuyYSG',0,0,'1'),('12F3taPth1aSPjXLm6vfjubthc6PogtpSa',0,0,'1'),('136WbcMaiM13FYSt7nwq4R7NB5sEEp2Gct',0,0,'1'),('13RmJQuw8enVKsZmSGWxyLcaaDKttXry5i',0,0,'1'),('13WfRcy81Q7VW2aGZaikpww5bYbeeWrjPF',0,0,'1'),('13WQJCfx5whkBU3KC2aa7ZiYThqWrms84s',0,0,'1'),('14bmtx5nmDSEm2MK4ukPBjffKDvbQqzTAn',0,0,'1'),('14jUdvFdxuF1gEzrtxsHdWUGHTXuzvgn5e',0,0,'1'),('14nsgmjW8kRqPF4ryrP1cAM1MbZnp3vr2i',0,0,'1'),('14QSXC6omqMYLo34WTaXfrp9uJFcBxMsYD',0,0,'1'),('14yeWkvYejuRCNASTEEJmPfycBdpERdery',0,0,'1'),('15g5sJwHXP4prk5vDgPQXb9mfs41dzP4s8',0,0,'1'),('15uooTgG9jMH8JUys5KsobKPV6TcMdrDPX',0,0,'1'),('15YxyNfaxnJRV1g6gMr5gapAmtrLtdJAbf',0,0,'1'),('164nDWuJks9n1qQZfYye1hCeAw1PmJ6fn1',0,0,'1'),('16nr1irWsxPgZDHXVvsRUg3fk8RmQifChQ',0,0,'1'),('16XTMkxRHfR5XvH6MvGxNKAo9SgqgsPEAY',0,0,'1'),('16yrCLsZ6KrR9tWX25cE2WnGNev5TGkcNq',0,0,'1'),('17FHNAEPFqS8pf7rEz4z2HnDQC63ksKCdV',0,0,'1'),('17G4kf6KwoHahB4N3GCx7EKr2FRmYNBbKa',0,0,'1'),('17iedScsFgKowgsCoPpZQR1uy6yGhSrmQi',0,0,'1'),('17pHrFmm9MVywD9xY4EZneYxcxViAhFK8q',0,0,'1'),('18LxFeFDBYeWtH3t9x9xDtGQgRTGhyGWUn',0,0,'1'),('18wSxMgQc45puJnBxguhYmDwBtimnhEAyg',0,0,'1'),('196AGb72V1fPqDNsiUz5JdhtV9MrE2ExkF',0,0,'1'),('198bpofsVWMhXux2roa6U39My17mEVqKnq',0,0,'1'),('19gGj6hNuFj35MgTVvQoWgfqsCbayvDtn4',0,0,'1'),('19GzsygGYqiC51RoKPtYZQ5mGMc9yb7Siu',0,0,'1'),('19M5KG8KhTzaizFZoc2L8kNejWzeaTGswQ',0,0,'1'),('19uXGrYZcQbCyTXYRoqTek3GYAdGjHmssd',0,0,'1'),('1AFWSmJ55DJogqbEzmrqjGc3pLKPnZp5hY',0,0,'1'),('1AGqF3zv3tGrUzsDKDftQqnYc4Q2bCranX',0,0,'1'),('1Ah6N9x4dfMbQVwY3twzKaTYLPfHpxxJn',0,0,'1'),('1Ah7DGBabr6RxzH5w5xrSffLpdw26iFtsD',0,0,'1'),('1BJdpT9ntuQrJJT4U6tQTMyuPUNsqJ2oZM',0,0,'1'),('1BJg7NLgipsMQS3z9GB13pWcon4WANNWAZ',0,0,'1'),('1BMwPkfcjTV63gvwKMDuJWjpKmaCYCMCqE',0,0,'1'),('1BpANGWRyHBteCicZw45CdZnbc5pS3cG2h',0,0,'1'),('1BwA8U49vKf14qTB3BbvWwvYyYfeoeNmVP',0,0,'1'),('1BzwgzNismTSp4aHeX9LXZKJxVEnxpWPob',0,0,'1'),('1CdfgLwsQ2VqArJQzr9DRPj6Q5ViD26WE3',0,0,'1'),('1cNx4w5W9qev99JKhg3CZouEDCS992HjK',0,0,'1'),('1CpJPAVDEFGGHLusf1fZZPF7Jc6usEFAdu',0,0,'1'),('1D6JcKqY2bARHjsmCGAiCjF3isUmmftYV6',0,0,'1'),('1DKoUKfBrpXCLY7kJgZ7oWyez5qujcGYnc',0,0,'1'),('1DrgvQz3nJHf7cCnRTuYKBLK9dfUNbG5nM',0,0,'1'),('1DwXxFh6m6xH3FkhJRPuvd5dhYAEW5HdeA',0,0,'1'),('1EfY2og2T9nv5gSkmbQHuRAWw6z7kujYW3',0,0,'1'),('1EgMGY3yuNxiWcCr1KiyEwXAhjCknZpH7e',0,0,'1'),('1Eoh62xQbF6kGDUW9bT5YVb8FweVAr6Z2r',0,0,'1'),('1ERXV59eBjYnEiKAAuHLsHCqwhoGHjLX4X',0,0,'1'),('1EXRcwMWW3EYDLGsnzozb2A94kw2kPGXFs',0,0,'1'),('1FefGbT7Mg25Tc4dUseuqhYosZ1q8KTTuD',0,0,'1'),('1Fh58ccqwFPDcrB2xwxX1e6Uhg5bR2kW5G',0,0,'1'),('1FkBfJWN8348yNjzf2BWLPjBL55LzVGL64',0,0,'1'),('1Fn1sK6xezthBvWA6VQi8jSioTKzi45GPD',0,0,'1'),('1FoqEErfLhxopm3hMSSfgzUsQLacRH47vT',0,0,'1'),('1FQVdt76boYiGweuwXjm1nWWgard3GR1e7',0,0,'1'),('1FTp9JhJo9GPD9WFKwGyxo3W5WyHCrASCJ',0,0,'1'),('1FvdncdBqJdrKC5cS2mHdpGBQp3tE2LzHj',0,0,'1'),('1FzxwHGCHAE652raqjqP2ntiU4akp6ByHc',0,0,'1'),('1GdErZxNHR8YDVjXS6dikcWt1Z9HC3EAEz',0,0,'1'),('1Ggf2dwtVFCaiVjG76PpEfCgAN3ajKrjhD',0,0,'1'),('1GZSm57fAcXpPSpFN4guP2bBoQG6XDLtgQ',0,0,'1'),('1H84sphgF4kuufDZDCj4b3B8Gy4kMUZNhc',0,0,'1'),('1HekChQytR946NCQqcKpthwSWs1BK9q1iv',0,0,'1'),('1HenS97zWvFcDmrq6P6uHynfEpvmEr98rY',0,0,'1'),('1HUNmQkBofodeDBm3GjAZJkUwF548tPjE9',0,0,'1'),('1J6yYpRkhycaxVmdT9GnBc4514GMQVDf51',0,0,'1'),('1JeB9KjtBjFNPnYNaXFaztbbnJ2NxCCTSB',0,0,'1'),('1JeUptDCNACZ121yHgtg8XmGGGxjTkesii',0,0,'1'),('1JgEh8FEfB1A3u3xsuQRFVcKUko8FVzqMu',0,0,'1'),('1JhsnhBAWCtNU7z9M52yNgV44j26vX91Co',0,0,'1'),('1KDd3CMR1hhB6FuErZL32VR2ikcsuvM79e',0,0,'1'),('1Kof4mVuU9sJrbUb1CTmDRchrQD4be5XKA',0,0,'1'),('1L5WUMeU3LLhfKAcSzKwUZMrfiEfP7NCpb',0,0,'1'),('1LJQYeLMUAxGFCuTjxdEfv6WXyk1EukiLa',0,0,'1'),('1LreFXjf8ztvRGcmWQWsMNoBgHBwYDkovE',0,0,'1'),('1Lu4nmewUfpr1VmeBxHdskcTpVJpudacuE',0,0,'1'),('1LWKVGvP2f2yu4d7ELVBeULg2HkZ9XXC14',0,0,'1'),('1MEgjxdLiovcQsgSWvmG2o76CRcjYfNsYG',0,0,'1'),('1MsGW31MiNw1DcuP1xgzPv1YCTF3yv7MQw',0,0,'1'),('1N2ReWiYJSioyoirHttAnabtEEqFDoEpRe',0,0,'1'),('1NBbZjJyS8Usxsim9uMsd3E4hkGGDr8BQB',0,0,'1'),('1nF2oRfTZpSn1498tVvTtWqW3Qg3QQnVA',0,0,'1'),('1Ni8VApdxzD1MhxFC2p5ZpngR9Wz2MV965',0,0,'1'),('1NnkhHukd9e8Q4yxVZqJdUsinNhBdstWyD',0,0,'1'),('1Ns12fgZidXFQGtiUqvprtY7seD4gHQz34',0,0,'1'),('1NTuerFCXkuqBtafhiaNSfYkBop4ECyB8C',0,0,'1'),('1PaB2sTzq2SHSrXaEyq7tjXECdXZDYcbnG',0,0,'1'),('1PBns95andmVQ3dRgz54vCTTGaqCMfFo1s',0,0,'1'),('1PgH8voJENFDx7YJPV45QmcnmnAGYRnZ9S',0,0,'1'),('1PknLWHgMm4nf5AwPqrPbkbJcLFkYjC4Ug',0,0,'1'),('1PQ2r4rG5F3VovnBuvdduFZcaquPHcnS3h',0,0,'1'),('1PRTdymYpQdMfrHFYHYVKm7uAxGsCgngMJ',0,0,'1'),('1PUN4oAWmLZHMsZd6f6LrH6FczbZRLutVE',0,0,'1'),('1Q44txUGXzPniukjYdErZSTQpqr95BLr9A',0,0,'1'),('1QGaLStqaZrqSVJFpTd5jwgf7rT4Gnfq3u',0,0,'1'),('1QK5SL2EHU8PWx6eEFZ6p2Wrn4yJZ5vU69',0,0,'1');
/*!40000 ALTER TABLE `ACCOUNTS` ENABLE KEYS */;
UNLOCK TABLES;

--
-- Table structure for table `TRANSACTIONS`
--

DROP TABLE IF EXISTS `TRANSACTIONS`;
/*!40101 SET @saved_cs_client     = @@character_set_client */;
/*!40101 SET character_set_client = utf8 */;
CREATE TABLE `TRANSACTIONS` (
  `tranID` int(11) NOT NULL AUTO_INCREMENT,
  `ACCOUNT` varchar(45) NOT NULL,
  `AMT` decimal(38,2) NOT NULL,
  `FEE` decimal(38,2) NOT NULL,
  `TOTAL` decimal(38,2) NOT NULL,
  `TOTALBTC` decimal(38,8) NOT NULL,
  `DATA` timestamp NOT NULL DEFAULT CURRENT_TIMESTAMP,
  `STATUS` int(11) NOT NULL DEFAULT '0',
  PRIMARY KEY (`tranID`)
) ENGINE=InnoDB DEFAULT CHARSET=utf8mb4;
/*!40101 SET character_set_client = @saved_cs_client */;

--
-- Dumping data for table `TRANSACTIONS`
--

LOCK TABLES `TRANSACTIONS` WRITE;
/*!40000 ALTER TABLE `TRANSACTIONS` DISABLE KEYS */;
/*!40000 ALTER TABLE `TRANSACTIONS` ENABLE KEYS */;
UNLOCK TABLES;

--
-- Current Database: `LEDGER`
--

CREATE DATABASE /*!32312 IF NOT EXISTS*/ `LEDGER` /*!40100 DEFAULT CHARACTER SET utf8mb4 */;

USE `LEDGER`;

--
-- Table structure for table `GENERAL`
--

DROP TABLE IF EXISTS `GENERAL`;
/*!40101 SET @saved_cs_client     = @@character_set_client */;
/*!40101 SET character_set_client = utf8 */;
CREATE TABLE `GENERAL` (
  `URL` varchar(145) NOT NULL,
  `DB` varchar(45) NOT NULL,
  `PACK` text,
  `tranID` int(11) NOT NULL,
  PRIMARY KEY (`URL`)
) ENGINE=InnoDB DEFAULT CHARSET=utf8mb4;
/*!40101 SET character_set_client = @saved_cs_client */;

--
-- Dumping data for table `GENERAL`
--

LOCK TABLES `GENERAL` WRITE;
/*!40000 ALTER TABLE `GENERAL` DISABLE KEYS */;
INSERT INTO `GENERAL` VALUES ('0AC7CUgfuTrUFItIplN2rkvCYJOzGIl5racedsYYyPHDgfkQ3O96SORLtsJC','BD01','[[254.94,2.55,257.49,0.02190831],\"1375jnD5TXpX5rHUPzYGQkHZnsRHn2v41F\",[[\"Noise Canceling Headphones\",[229.95,1]],[\"Washable Face Mask (3-Pack)\",[24.99,1]]],\"Gateway Technologies\"]',543),('221iimf71TsVve8FSmGrPp4SMdTkf9A2tq3j64a8E0R4PfvppGfxB2yzo5kl','BD01','[[105.4,1.05,106.45,0.0089763],\"1MFB87JZo8PqsR9YxSonFa1PvnhV75GMZU\",[[\"Camping Wood Stove\",[89.95,1]],[\"Be Here Now: Ram Dass\",[15.45,1]]],\"Gateway Technologies\"]',562),('2lENbyWYqjICttarQXjEvMwiyFfhi9z24y3wypi0momKNZnUkS9YKsSFFn1P','BD01','[[468,4.68,472.68,0.04019331],\"1Ky4w1gkrKe2qafkobfTVwUBc8LSXuZYNS\",[[\"Airpods\",[234,1]],[\"Airpods\",[234,1]]],\"Gateway Technologies\"]',568),('3Vnh3U5mi1t1ApkXeTJw31KqwbHPQFLnvk8PfQ0BTN0J6SPEECJCIMBlm9Lg','BD01','[[151.92999999999998,1.52,153.45,0.01303111],\"12MoBX4ee9hVQha59bzk21Ad7aCTkTM5yX\",[[\"Be Here Now: Ram Dass\",[15.45,1]],[\"Hedger & Trimmer Combo\",[136.48,1]]],\"Gateway Technologies\"]',546),('45ulBom3XyIZawjsc1q5zmkGyJ3DEQ3KSW70lFTiZUFXqxBQJMQvefEkDq2A','BD01','[[43.97,1,44.97,0.00388538],\"1XBrW18hSWbwMUXDnQ5JDVS3dRuwkk4pY\",[[\"Organic Chia Seeds\",[6.53,1]],[\"Red Bull (24 count)\",[37.44,1]]],\"Gateway Technologies\"]',597),('5Jv6mSvXOmOfFu0e4BrHUDYPzOeVgNqeuHFkxaMQi5M19A5wWIIVcA88mZq7','BD01','[[459.9,4.6,464.5,0.0392366],\"1NXVZrPHKHG9RJ6MLzQxP3FYJVHXVj9oMp\",[[\"Noise Canceling Headphones\",[229.95,1]],[\"Noise Canceling Headphones\",[229.95,1]]],\"Gateway Technologies\"]',560),('5NyDnUAGsyw5XOl03vphzL3IJd54qYfgB5sNg84DwmXfDpFvuyG93Rr58L7B','BD01','[[498.96,4.99,503.95,0.04402122],\"1ErAQq8aBSMjWAgsJyQeTYwzWsb2YYtS2K\",[[\"20in Push Gas Mower\",[198.98,1]],[\"Full Size Drum Set\",[299.98,1]]],\"Gateway Technologies\"]',594),('77tCKrtpFzHFocy8m4qihQRPKCaN2U9TT9WSIX1MuvzKtCOThe6zEmMLuXWI','BD01','[[181.52,1.82,183.34,0.01598164],\"1FmBCvT7y39LmFJSSSHPn9PpjrUjfSVTEL\",[[\"Electric Mower- 20in\",[174.99,1]],[\"Organic Chia Seeds\",[6.53,1]]],\"Gateway Technologies\"]',590),('84Ka9lm4Datz7dS3N0VtQscgmploSeuwTHedhoVP5CUY80IDjhQQH2A1qYeY','BD01','[[1324.96,13.25,1338.21,0.11580589],\"1ridgm4ARreVTpZjU6mzppESBrbpXRAWC\",[[\"Yoga Mat\",[24.99,1]],[\"16in Gaming Laptop\",[1299.97,1]]],\"Gateway Technologies\"]',599),('8nsJgRpmF09OFc6MnlIhy8vWghnK43S14J9VDXk2LSzfe8HzToUVcrLkHemK','BD01','[[2024.98,20.25,2045.23,0.17403358],\"1L7JZ3bR7EAmU9hUZmAYbwb3tm8927ZTbn\",[[\"Washable Face Mask (3-Pack)\",[24.99,1]],[\"Gaming Desktop\",[1999.99,1]]],\"Gateway Technologies\"]',567),('8ty6bztkHVgeGD3GFuKaktIkooFIy6whSM0xZdzOCWdj8040RMKTevDCiKLK','BD01','[[101.78,1.02,102.8,0.00888766],\"1PyKeafVjHuxJykXztcjrPxmZwWDGUsZtV\",[[\"Electric Toothbrush\",[69.99,1]],[\"Tibetan Singing Bowl\",[31.79,1]]],\"Gateway Technologies\"]',601),('AhZ094ZhjOPZuO4loJWtpFu18EC7k0eRSZlXTboTDnMgNXJPEXAFtVSMJkd6','BD01','[[365,3.65,368.65,0.03103984],\"1NXVZrPHKHG9RJ6MLzQxP3FYJVHXVj9oMp\",[[\"26in Fat Tire Mountain Bike\",[350,1]],[\"USB Cable (1m)\",[15,1]]],\"Gateway Technologies\"]',605),('an2q9U4s3wvtk0ff7Rpnsk5q6gpiTyBDu6NxY0LJmLWAEsTU68GOLyw4YNmX','BD01','[[41.18,1,42.18,0.00373186],\"1K9YbQXWdd3XnTArLshGt2QjH5Rjd6ARbh\",[[\"Live Indoor Aloe Vera Plants\",[16.19,1]],[\"Washable Face Mask (3-Pack)\",[24.99,1]]],\"Gateway Technologies\"]',575),('AzbgPYnDGTYptOaJHoCmV2y16W1Au6Jg5E9Ni5PU9S7auHD4FxHaWqwdZCA1','BD01','[[42.03,1,43.03,0.00365941],\"1Lbwu7EbfXtkQRCTbfCC9Wqe5VFuAWm85o\",[[\"Red Bull (24 count)\",[37.44,1]],[\"2% Reduced Fat Milk\",[4.59,1]]],\"Gateway Technologies\"]',566),('c0CNTJCNa0eiyWrcMqGNgCDRDkHLMJgkrSFuQ8x40U7Uqxf6u7oG8bGIQ3LS','BD01','[[29.47,1,30.47,0.00256601],\"1Nyc9NNe5TBMPuLbU1vFm96sKEfKq5p1T9\",[[\"Live Indoor Aloe Vera Plants\",[16.19,1]],[\"Keto Cookies\",[13.28,1]]],\"Gateway Technologies\"]',604),('c8ydyxRXaaiFOXFQ9KlXOkMOdOLJvdoU8N2UYGHu5CqMhxx2WB7lCsEfDcv2','BD01','[[206.46999999999997,2.06,208.52999999999997,0.01770997],\"13wSf9fj5BxvFcCdSKJ73XTnYHoKPMk1e5\",[[\"Hedger & Trimmer Combo\",[136.48,1]],[\"Electric Toothbrush\",[69.99,1]]],\"Gateway Technologies\"]',541),('dcMZpiXivb73dyn6E1oUvP0OXGkxpimHHvSJtBAL9f80KxMSXg3csiTZqKgD','BD01','[[94.97999999999999,1,95.97999999999999,0.0081508],\"126znDESbQ9KUTBbru2qxaENAujR6voVNK\",[[\"Electric Toothbrush\",[69.99,1]],[\"Washable Face Mask (3-Pack)\",[24.99,1]]],\"Gateway Technologies\"]',547),('dXo40BL8d8k3ULYJGh8EUkaeHmvpM5M96D6QEmpKzmwwPW0zFNe4CcmP1XS3','BD01','[[397.98,3.98,401.96,0.03489363],\"1G3aG8pFvWW9hviNe8PTy5r5TKpQ6MSX8L\",[[\"20in Push Gas Mower\",[198.98,1]],[\"36in Patio Firepit\",[199,1]]],\"Gateway Technologies\"]',587),('EwRUKreMTXzzmSPcY3H4TfvnroekUEB5FioMrW5iGAfV1TRagU3VeTkdGNRb','BD01','[[389.93,3.9,393.83,0.03419185],\"1H6tdGFXfJapCtkr2pwV5Na7Q96qmWYYrM\",[[\"Camping Wood Stove\",[89.95,1]],[\"Full Size Drum Set\",[299.98,1]]],\"Gateway Technologies\"]',585),('fPCRxNPXsKbfSczcbzRnugpWsgrpCFOwksesHvobxVL6a8BGHtpIj8wDskpJ','BD01','[[659.97,6.6,666.57,0.05656133],\"14Sp4V3tK2pySGD5YK1JTU57hM8hM7M9VV\",[[\"43in Smart TV\",[359.99,1]],[\"Full Size Drum Set\",[299.98,1]]],\"Gateway Technologies\"]',539),('FtDO4iiShke8zvP5j0wLv0ZcfIjhqno1zhK7SumqkL0hfwuybv08ELDNYuM0','BD01','[[485.44,4.85,490.29,0.04161278],\"1LgX17dkqxL9Evy2CMUvbRNa3ZvUa95k7i\",[[\"iPhone X, 64GB\",[469.99,1]],[\"Be Here Now: Ram Dass\",[15.45,1]]],\"Gateway Technologies\"]',565),('FueLQxdc4HgjR4AQHgN3fOY7ABStaeQtXuXJq1EZFgpLeEUnrdRzjyFGWCNh','BD01','[[100,1,101,0.00899489],\"1KoQLtXMtK9QdaFvCborQ9ZmhkDS9UunWZ\",[[\"Salmon Oil Softgels\",[50,1]],[\"Salmon Oil Softgels\",[50,1]]],\"Gateway Technologies\"]',571),('gelCKKKAix0jap8ioVgqxDCfo82l5iKjcnhGk4x8FNEwbtGkTzl8uvjAZXkj','BD01','[[2015.83,20.16,2035.99,0.17275122],\"121oHbJ1NJU6pytS2Sxv5BcfmqB6z1j2Vv\",[[\"Gaming Desktop\",[1999.99,1]],[\"Organic Potting Mix- 4-Quart\",[15.84,1]]],\"Gateway Technologies\"]',550),('gnNEYipCXJeBa8qYFkEFWgRjeF0l76MQwKnylKS2y6CZK1o0t7JpXAuLmsuE','BD01','[[103.23,1.03,104.26,0.00916325],\"1Hx3gSNMSVDA5HuMAX1VXFJ9MdqbMViTia\",[[\"Keto Cookies\",[13.28,1]],[\"Camping Wood Stove\",[89.95,1]]],\"Gateway Technologies\"]',581),('GpdYe3x5BcIiLRlw6RE1opYoepQApbZKVXmvT6pmqGos5rD8vf8OfqzVrsen','BD01','[[168.27,1.68,169.95,0.01498924],\"1jppZd8Vp187GnTRSa22chModjYcKbxh3\",[[\"Hedger & Trimmer Combo\",[136.48,1]],[\"Tibetan Singing Bowl\",[31.79,1]]],\"Gateway Technologies\"]',576),('H3XHSBMWpMHsLmREr9YirBtAYsIFsBypk4mzIy3I1aMtD83ij3GNikonMCZ3','BD01','[[314.98,3.15,318.13,0.0270712],\"12yg36ZoDPYbUCrCNqQeaix4C4mV8w494B\",[[\"Full Size Drum Set\",[299.98,1]],[\"USB Cable (1m)\",[15,1]]],\"Gateway Technologies\"]',544),('hG1aymOLwJ45Hh1QygK5nY8PW3kLXMa1V5V1kNuB4Rc0auQf2N1DngjLwYPL','BD01','[[1315.42,13.15,1328.58,0.11188956],\"1P8aij7zhfXJXLZGA1ryw6nhk6wtTReVJn\",[[\"16in Gaming Laptop\",[1299.97,1]],[\"Be Here Now: Ram Dass\",[15.45,1]]],\"Gateway Technologies\"]',603),('Iv1Prh2pv1k3t5j0xKHuVqrJD5d8fZ8Z8VbRgR7cNjN6kodoIwfzHUrUAoP5','BD01','[[152.32,1.52,153.84,0.01298097],\"1Nyc9NNe5TBMPuLbU1vFm96sKEfKq5p1T9\",[[\"Organic Potting Mix- 4-Quart\",[15.84,1]],[\"Hedger & Trimmer Combo\",[136.48,1]]],\"Gateway Technologies\"]',559),('j21rrljodY24MJ8W0JWm9aDp3O5WRBDscfuxl7feuPGyVNgLCfWseeQfPhU0','BD01','[[1321.96,13.22,1335.18,0.11512406],\"1TCNoeZzzrxhNSc5LgDniFexUiraTxAXk\",[[\"Bluetooth Office Headset\",[21.99,1]],[\"16in Gaming Laptop\",[1299.97,1]]],\"Gateway Technologies\"]',598),('jUXTbcof9JhQFe64cgH4m4TtZqVEYgO0eOmyWlx690qlIz0nyZJR3CVXSuBA','BD01','[[29.58,1,30.58,0.00266365],\"1Fg4Zm4U8STWa9whh2KenCJbyKxKqcQAaW\",[[\"Yoga Mat\",[24.99,1]],[\"2% Reduced Fat Milk\",[4.59,1]]],\"Gateway Technologies\"]',591),('Jw1zEjcel177nbR4ExpzDDioWmPk0tVzmxel6PrKO6EfeaLMuPeRTz9Gqsr4','BD01','[[548.95,5.49,554.44,0.04709629],\"12TXuWbpqfMeioAzSSeqhD3poFspZDfUJ1\",[[\"Camping Wood Stove\",[89.95,1]],[\"4-Season Canvas Tent\",[459,1]]],\"Gateway Technologies\"]',545),('kNMypl70bCZSpQTJ8oRWISyp7ZS2oQ7Pvdexeh0PbZNWbsbWp8EghjdExINX','BD01','[[496.47,4.96,501.43,0.04442285],\"1KHSekBqrski52fz2p437jS6dpXDEbA7qY\",[[\"Hedger & Trimmer Combo\",[136.48,1]],[\"43in Smart TV\",[359.99,1]]],\"Gateway Technologies\"]',573),('lJONpJIAIBWi5M5hpH5UCfQWjamjGist81wsqXWPvGLga5kEKsOnK2VirnmO','BD01','[[490.79,4.91,495.71,0.04360626],\"1JEKp4RschtQTVAM8MUXyVqMHaajkgZUx2\",[[\"Tibetan Singing Bowl\",[31.79,1]],[\"4-Season Canvas Tent\",[459,1]]],\"Gateway Technologies\"]',579),('lNsdlRhDXvLwejusdROk4g7FK8be2oNBMCggcTt3enrcL4TLaXz7DEjAwb73','BD01','[[474.45,4.74,479.19,0.04068194],\"121zx7jtSojearJk6cpmAkQUPoDTbZBET3\",[[\"4-Season Canvas Tent\",[459,1]],[\"Be Here Now: Ram Dass\",[15.45,1]]],\"Gateway Technologies\"]',551),('M6SNmoSYozAe1yIYvwRHj7vZZhxafz24FWcTd1CtVD9zJ2jKPDwTKeQGD2Vj','BD01','[[244.98000000000002,2.45,247.43,0.0209063],\"1ridgm4ARreVTpZjU6mzppESBrbpXRAWC\",[[\"Electric Mower- 20in\",[174.99,1]],[\"Electric Toothbrush\",[69.99,1]]],\"Gateway Technologies\"]',554),('MB4Nx5rmyfLUbYWZk4Ln5gD8dBuOiVAe0clxvZRcKqk4jr9sJQM8PsElz501','BD01','[[558.99,5.59,564.58,0.04770351],\"1Q4zGxMAHddMiLcpDmVeYABsXUEkqJRtKT\",[[\"43in Smart TV\",[359.99,1]],[\"36in Patio Firepit\",[199,1]]],\"Gateway Technologies\"]',555),('mBbIbfvmAJGM5wHSCkjAsaBGIqkwmwmP3UpwIvGJyG69cTyHKeixK3OA6ZEg','BD01','[[254.94,2.55,257.49,0.02271071],\"1JiYnyUemHe1VDkJYsz3f7XBdRxXfWKN1y\",[[\"Washable Face Mask (3-Pack)\",[24.99,1]],[\"Noise Canceling Headphones\",[229.95,1]]],\"Gateway Technologies\"]',578),('NbefF1r098qM0IkoyNWCLCITLCGWDJoWbuCqj5vaKu5mq0UVylOYq3ucbjpM','BD01','[[463.59,4.64,468.23,0.03985138],\"1PM4C6MocqPgFpVEtmU5JYMeTkEbiFz4H6\",[[\"4-Season Canvas Tent\",[459,1]],[\"2% Reduced Fat Milk\",[4.59,1]]],\"Gateway Technologies\"]',602),('o5e580MeW9BXVsjGEE4ssXkVjLDI3yjo62BTHfQhwMnz8UTM4KdoiscgZexa','BD01','[[360.68,3.61,364.29,0.03071899],\"1LNagQSzrjN5Q6srnoRGiDgMdPs7zWf36d\",[[\"26in Fat Tire Mountain Bike\",[350,1]],[\"Oreo Cookies- 3 Pack\",[10.68,1]]],\"Gateway Technologies\"]',564),('oSw9urbO8lTEKaOAZX0y10ptKn4T3QHAmWWEwk45ZZZ7WF7oKyX23MnPG1Uv','BD01','[[240.63,2.41,243.04,0.02049972],\"1LpH8nGhq2zjEk5EdwuxbHB5PfTpPpiAu2\",[[\"Oreo Cookies- 3 Pack\",[10.68,1]],[\"Noise Canceling Headphones\",[229.95,1]]],\"Gateway Technologies\"]',563),('pLBH1jqPjgSQnwUpqy5Iv4U2vg1zwOql50ehhW20MisD2uvpmh0mKwjpzlxO','BD01','[[268.99,2.69,271.68,0.0241167],\"1Ki6nFfuC9AXXVUAKrgX6LVZxKMQWCTV2f\",[[\"Electric Toothbrush\",[69.99,1]],[\"36in Patio Firepit\",[199,1]]],\"Gateway Technologies\"]',572),('PPLFnlYXD85t70cscc2xOntGZfAeRHdlTVDndB8RF3oX2au81zeMT95kOLtC','BD01','[[141.07,1.41,142.48,0.01211626],\"1KVtasX8eKWCUEJidmrdopcRzY7AdwEnQg\",[[\"2% Reduced Fat Milk\",[4.59,1]],[\"Hedger & Trimmer Combo\",[136.48,1]]],\"Gateway Technologies\"]',569),('PRjiEgGWy7Bs7WlhodSiIOFgaJnMn6GA1l7JvhBYIlaBPxhSs6rSBPEiEwBk','BD01','[[30.9,1,31.9,0.00269183],\"1P8aij7zhfXJXLZGA1ryw6nhk6wtTReVJn\",[[\"Be Here Now: Ram Dass\",[15.45,1]],[\"Be Here Now: Ram Dass\",[15.45,1]]],\"Gateway Technologies\"]',558),('qpbzgwfJty8Az6MMCMNthjFt530EwO6GEaJWc3jd17uBxXcPdozTJ5j60aE8','BD01','[[244.68,2.45,247.13,0.02202957],\"1KRUrvuFMgHZ6Gmk7ZxVLXgev6k4UTAaHA\",[[\"Oreo Cookies- 3 Pack\",[10.68,1]],[\"Airpods\",[234,1]]],\"Gateway Technologies\"]',570),('QwtZoEAXzL05l4ER8P1RyybZHIdGoIMc658AARgBomqg1hgCuYHAHKmr4kEe','BD01','[[918,9.18,927.18,0.07998025],\"1eCBVn1s5i8vKoRktYMW2kpLoMGuTLytT\",[[\"4-Season Canvas Tent\",[459,1]],[\"4-Season Canvas Tent\",[459,1]]],\"Gateway Technologies\"]',595),('QxY1pVe8NtFvjRxIcvzQD0pKVJkd8QXgbyCKQHA3nhw96M2B6OKYNZ6spIKA','BD01','[[1758.97,17.59,1776.56,0.15012785],\"1PyKeafVjHuxJykXztcjrPxmZwWDGUsZtV\",[[\"4-Season Canvas Tent\",[459,1]],[\"16in Gaming Laptop\",[1299.97,1]]],\"Gateway Technologies\"]',556),('s1JL6I4qA0aQTjC9GE1B2Aouxz4MvYFbHhDDWwmRAOYuvYlk6PhNGuSZZq2S','BD01','[[31.52,1,32.519999999999996,0.00274811],\"1NH6yvdwHvitjLTrTr8zThcU44PWnqZrQH\",[[\"Organic Chia Seeds\",[6.53,1]],[\"Washable Face Mask (3-Pack)\",[24.99,1]]],\"Gateway Technologies\"]',561),('sHo0221NXcuazcxeEFfkkJBl0GP9NDhKKDvPezhaoWiF1B2bFAWhXXwmtFEa','BD01','[[23.96,1,24.96,0.00212171],\"13JqnfkaLreGM2Uzt8f4HMAiLAHHMicE9A\",[[\"Keto Cookies\",[13.28,1]],[\"Oreo Cookies- 3 Pack\",[10.68,1]]],\"Gateway Technologies\"]',542),('Si9Y3X0MxQBZktxshL7UlgS9ZmAASeFW5c0N7W8hioawI48Ab4fdZUyiw15y','BD01','[[85.44,1,86.44,0.00730914],\"1XBrW18hSWbwMUXDnQ5JDVS3dRuwkk4pY\",[[\"Be Here Now: Ram Dass\",[15.45,1]],[\"Electric Toothbrush\",[69.99,1]]],\"Gateway Technologies\"]',552),('Ulop6d62eGzjQ8zeZdRiVMB3J8igUvAJdteYJyJ9jmXebsA5Vsuxd9QGZVpY','BD01','[[28.28,1,29.28,0.00254438],\"1HBREAjqyPetK2wvv4Beuh7gvQkBsTTzqU\",[[\"USB Cable (1m)\",[15,1]],[\"Keto Cookies\",[13.28,1]]],\"Gateway Technologies\"]',583),('vgVu0o9Jd8JKDJAWMBwBIej0GH2HwQmh2REszuuiuDRGVMj9XL3z7ASvVTGA','BD01','[[205.51,2.06,207.57,0.01826109],\"1Jcxh7CFDj7dmtTt3kk6uiy6Rd27hKLS6L\",[[\"20in Push Gas Mower\",[198.98,1]],[\"Organic Chia Seeds\",[6.53,1]]],\"Gateway Technologies\"]',580),('vm14beVB1BwjUNVjHkxujALgK0g7LivtoVBwYyCipaZ6Zf0Ah5TPM75vBRum','BD01','[[214.82,2.15,216.97,0.01921948],\"1KavMPRbEduVuasRwF65ffWQriHmZ2BT4U\",[[\"Organic Potting Mix- 4-Quart\",[15.84,1]],[\"20in Push Gas Mower\",[198.98,1]]],\"Gateway Technologies\"]',574),('VSNVRYNSQDjmTE7oB8pQEuC8bUV266bw2O5YiGri7djwFw7Kwy8r6ERc39CQ','BD01','[[87.44,1,88.44,0.00749942],\"123DXbJ6ac1sZ1owmBTtF6StA8eWKdvgEu\",[[\"Red Bull (24 count)\",[37.44,1]],[\"Salmon Oil Softgels\",[50,1]]],\"Gateway Technologies\"]',549),('vYdATwJs5US9JWzkmm2ggSsBP5Zk43WAjVFNszJXbxXmeAbDdbtROqFaygDT','BD01','[[819.99,8.2,828.19,0.07305277],\"1JKpQeNTv7BNAhccuVVoHGWMV76zT64hkB\",[[\"iPhone X, 64GB\",[469.99,1]],[\"26in Fat Tire Mountain Bike\",[350,1]]],\"Gateway Technologies\"]',577),('w6soO5FLpRrcvbuM53fvObGcUXEsau2qTaZx0xPEKmiS3XtDxfHtnahn2lau','BD01','[[30,1,31,0.00268217],\"1Q4zGxMAHddMiLcpDmVeYABsXUEkqJRtKT\",[[\"USB Cable (1m)\",[15,1]],[\"USB Cable (1m)\",[15,1]]],\"Gateway Technologies\"]',600),('wl13gkCgrnR3nTcubU1LoqcXtF5fs38fIaGh2p2Fjfx6wDyF9CY7D99D52By','BD01','[[45.07,1,46.07,0.00400574],\"1FTCg61Kb6LMx5Uqis8Txgbd95tocnzF1s\",[[\"Tibetan Singing Bowl\",[31.79,1]],[\"Keto Cookies\",[13.28,1]]],\"Gateway Technologies\"]',589),('WvIpYpje3zZ8FReGuHpWIe02k4YwcCkjtOCGLeg4niaPHDDXnhhDPi3owq7X','BD01','[[147.16,1.47,148.63,0.01290468],\"1HbCCNiRNEazMH4BYAhujyQY9TT2Z4pqZ3\",[[\"Oreo Cookies- 3 Pack\",[10.68,1]],[\"Hedger & Trimmer Combo\",[136.48,1]]],\"Gateway Technologies\"]',584),('x99tesf9Z4ZSQqffJLmo2q5rNEZOdgL6UsdX67NAFuo4pP9cKnkXzGZfPXfc','BD01','[[657.98,6.58,664.56,0.0575477],\"1ebeHFPJbNNizDzgBKB1cAFZPsdc2fq2F\",[[\"20in Push Gas Mower\",[198.98,1]],[\"4-Season Canvas Tent\",[459,1]]],\"Gateway Technologies\"]',596),('xDIZBg83RdYU1BGtLRNlDQZwAc3TRtfIi0hORAqflCcivVqLcUVLcuQBFCVa','BD01','[[337.42,3.37,340.79,0.02974457],\"1f4eLHZEJ6C8WqGgL1w6JsM714xE5643k\",[[\"Red Bull (24 count)\",[37.44,1]],[\"Full Size Drum Set\",[299.98,1]]],\"Gateway Technologies\"]',592),('xFM0LR1421gp6S8DgaoEslhqgU8KDbLT5rawHrtwo5draWt03qClNn56fMHt','BD01','[[28.52,1,29.52,0.00257716],\"1HSr9BchKwjDNp6qNdZ7DenLjhrbxZCSGP\",[[\"Organic Chia Seeds\",[6.53,1]],[\"Bluetooth Office Headset\",[21.99,1]]],\"Gateway Technologies\"]',582),('XmuombjPS2eQzQaQXFl8UdapSA7T9awFPOToXj0OsXEonV3T6DOTGtc2woUi','BD01','[[40.83,1,41.83,0.00353421],\"1TCNoeZzzrxhNSc5LgDniFexUiraTxAXk\",[[\"Organic Potting Mix- 4-Quart\",[15.84,1]],[\"Washable Face Mask (3-Pack)\",[24.99,1]]],\"Gateway Technologies\"]',553),('YtgI71uOnO79UqbirWQs6yzGc648V6HceYlMJGNGvVt5qwVeK74IhlPaASZ1','BD01','[[21.53,1,22.53,0.00196898],\"1F4d5RnfPwne5aZsq7kqjHufMvuCoJMdAF\",[[\"USB Cable (1m)\",[15,1]],[\"Organic Chia Seeds\",[6.53,1]]],\"Gateway Technologies\"]',593),('ZcvGwmBym5puyvX7nOgRBXKkzOaJntFs63rWXrwwHABodIEG0ljyakvywmzh','BD01','[[25.68,1,26.68,0.0022633],\"13zxMy9QZMepuKPJ8wb4iWaxjeXVDysvX3\",[[\"USB Cable (1m)\",[15,1]],[\"Oreo Cookies- 3 Pack\",[10.68,1]]],\"Gateway Technologies\"]',540),('zirWoRkuAktLMJPUekToDkea5RXI9ixMHQDlgE8AXbJJ7agcQAAuOSfrjj7m','BD01','[[284,2.84,286.84,0.02494103],\"1FzMzTBLURVJwqvDqwfDY2pD3AZGaCuWgp\",[[\"Salmon Oil Softgels\",[50,1]],[\"Airpods\",[234,1]]],\"Gateway Technologies\"]',588),('ZjS6j5Mb0GIiweQ4gkaX3dmrSQ390ky6XI8uSohGBsLfQNsxWO5WpxctlqjS','BD01','[[87.44,1,88.44,0.00751048],\"1253PjdUnQfY2bnSFVeh2Vh4deQraEf3rs\",[[\"Red Bull (24 count)\",[37.44,1]],[\"Salmon Oil Softgels\",[50,1]]],\"Gateway Technologies\"]',548),('zQyjZcW5QKrCnftllCpZCwAWy8SGAxd3Qq0DV0Hw0aDm2EpktPC6JVj7V2fk','BD01','[[214.45,2.14,216.59,0.01878172],\"1GrVrwUxDzngwZ7dwArsfygvagSgEAPv9c\",[[\"Be Here Now: Ram Dass\",[15.45,1]],[\"36in Patio Firepit\",[199,1]]],\"Gateway Technologies\"]',586),('ZXj5QRb4XGs9L2KLQckUlQqKLIYPbTRqJGeiVdJqmhrvQYIuiMPyP6POFoaM','BD01','[[121.97999999999999,1.22,123.19999999999999,0.01041507],\"1PM4C6MocqPgFpVEtmU5JYMeTkEbiFz4H6\",[[\"45lb Iron Plate\",[96.99,1]],[\"Washable Face Mask (3-Pack)\",[24.99,1]]],\"Gateway Technologies\"]',557),('ZxxwRhhpEHIe71uUb36UQMljdr70mLcFUY1HfSyjy55syaT5AgIF74D9uLoz','BD01','[[53.63,1,54.63,0.00463579],\"1NH6yvdwHvitjLTrTr8zThcU44PWnqZrQH\",[[\"Live Indoor Aloe Vera Plants\",[16.19,1]],[\"Red Bull (24 count)\",[37.44,1]]],\"Gateway Technologies\"]',606);
/*!40000 ALTER TABLE `GENERAL` ENABLE KEYS */;
UNLOCK TABLES;

--
-- Current Database: `OpenEnroll1000`
--

CREATE DATABASE /*!32312 IF NOT EXISTS*/ `OpenEnroll1000` /*!40100 DEFAULT CHARACTER SET utf8mb4 */;

USE `OpenEnroll1000`;

--
-- Table structure for table `ACCOUNTS`
--

DROP TABLE IF EXISTS `ACCOUNTS`;
/*!40101 SET @saved_cs_client     = @@character_set_client */;
/*!40101 SET character_set_client = utf8 */;
CREATE TABLE `ACCOUNTS` (
  `Address` varchar(45) NOT NULL,
  `COUNT` int(11) NOT NULL DEFAULT '0',
  `USES` int(11) NOT NULL DEFAULT '0',
  `V` varchar(45) NOT NULL,
  PRIMARY KEY (`Address`)
) ENGINE=InnoDB DEFAULT CHARSET=utf8mb4;
/*!40101 SET character_set_client = @saved_cs_client */;

--
-- Dumping data for table `ACCOUNTS`
--

LOCK TABLES `ACCOUNTS` WRITE;
/*!40000 ALTER TABLE `ACCOUNTS` DISABLE KEYS */;
INSERT INTO `ACCOUNTS` VALUES ('114Xsz3EiQL7JtFBDtRAtV75hiammv5obw',0,0,'2'),('1154r7Q73ZjkV5fdKArXeGArdtnni7u4zQ',0,0,'2'),('122Bbs5Jk626toQXPuB51eD7tJJG3Ek3Bs',0,0,'2'),('124NuP4TfupDKP6KJjxPWCMa1eDqE7KMfM',0,0,'2'),('125RKxQbQzn64JfoeJycXYXYwCDwkW959H',0,0,'2'),('126Zhn9UoGJ5EcKEvZfJuLy7jSVziPRCMd',0,0,'2'),('127zWmcsgu4y9a16kQFo8A1F2odHXw6s5v',0,0,'2'),('128fV7uRo9nDWeomwCQcX8Av1TJVq32QWf',0,0,'2'),('128N5NUQvaBBpxXwvQDRMfTZLLd6C7CtGv',0,0,'2'),('128t1r8NrGNGKAAAt7FLPChqtXB7n4nTFj',0,0,'2'),('12A1Vu2P5WaJW3A5ttN1aSVLmaNY5eMBZ6',0,0,'2'),('12Au7AyFJHiS3dyfko4Z3tAzVZma92qSKd',0,0,'2'),('12bLkS74s4ZLzAb2w5ckkDrkgJFfNpmtc8',0,0,'2'),('12BNogtVaLiyzqidW52hafLC8LCh8ceLsx',0,0,'2'),('12bpiTKX1hzfPaWXZ48EAXXtqMDhjEWzvi',0,0,'2'),('12DKxF3kTbb1mesSKZR88MYeAua4hxHxqp',0,0,'2'),('12doqh12SheTMptp8ECSksPnv7APo3eKK2',0,0,'2'),('12EijKKbugvKWvA68wEc79K9z56oxSZJsu',0,0,'2'),('12ev7VrigtdbV8ydp5jFujsGxxMNMFaqzr',0,0,'2'),('12EYevz9J8RzxkhHseg9KURcVr44EZmwJf',0,0,'2'),('12fdych3aYRxLYqLnyeNomuyUD5UDSWxX3',0,0,'2'),('12gnDdVEPqV7QgxgH6Hd7aAbQypehj8Xm1',0,0,'2'),('12gZ7CiqeqHQtkry11N6ec4HGQXWNCoRcW',0,0,'2'),('12HotjgbyRSfmYdhPSajN99qzttwCUgsWJ',0,0,'2'),('12ihF5TWZKx4uoWYwBWajogsV47FVaGQtP',0,0,'2'),('12jiAFhW8NqMQgiUJmsf2QbKKtM9wXMfdW',0,0,'2'),('12L4kdsURWbRQh1FdEtggJjUYaKnz7bCj7',0,0,'2'),('12LyoR71nF4FBkM5iEtLPVT1fGU3XXyh7y',0,0,'2'),('12MYqHrAkKTPs6C5H7Cmv6whcK9EmApdzt',0,0,'2'),('12nD9qjWJAo3vxhpHcnez9kqLUesxwnWPD',0,0,'2'),('12Nq8zD7Y61TQmgNFzeRRfsdhKScsm2MSW',0,0,'2'),('12nYNJS7qabRYJHk1DAwDrTXHm38WHKETE',0,0,'2'),('12NzvwZuTyR3yzL9hQEeGmKGehXh6Cqmq9',0,0,'2'),('12oZ4wA165KN46e79tFbUFMbzJ23Pu1Pqq',0,0,'2'),('12pwQYdA7JNi3HKEg71V45aJFbpY1Vn7JW',0,0,'2'),('12qGpfziq3ZeYToWTDoJmRNqWeHrM1RRpe',0,0,'2'),('12QHRLGXbnDAqzLCLtYmY6ePkfQyEUqcdq',0,0,'2'),('12qrtXonYh9srvkiF7J8TxdzeWsdmnRF1z',0,0,'2'),('12t3mTC6GmEsF5M4RoP6w7D35jzYqg4NFh',0,0,'2'),('12U3Kz9E9HbqhzLqdArzdYCEsa7wsX6zhP',0,0,'2'),('12ueGDJ7bHYAnRh7YQ5MtoiJ81oeot2q9z',0,0,'2'),('12v2XAFcQmqJc3AxQN2mT1zJbaib1QPJFH',0,0,'2'),('12vgAphQya4YXDKEsZREDL7oEuQfrqVbiC',0,0,'2'),('12vTYcfGqEfbe2Yn8WKwKJfYFMiHt2j2xX',0,0,'2'),('12waBxrQjMr2a8aQMpuHvBCLShj8CACzGh',0,0,'2'),('12XARmkvbobv3QsmqtjvzByK2i67huxg61',0,0,'2'),('12xjAB7U217HJJhHUsMYf4YLmk58asLqVJ',0,0,'2'),('12xmP9f4tJ6v8T19pZaUzpT7W71p4JzkwY',0,0,'2'),('12XnvVjgg5i6DiNBVdX4TcCjZ3M67uaFch',0,0,'2'),('12XPGHZxao42wdRifLn3C75WMnPHTxkmtC',0,0,'2'),('12xxSvVTtaGXdeEfVQ6FRymkDqwiU3PuLP',0,0,'2'),('12yoPAwGB3c3Mvv8S959J82FVjUaHfNyA7',0,0,'2'),('12YrtWbuKcXPGUTe9vcTGfdKRqtu7AvtTh',0,0,'2'),('12ywzdkE7to7WHxdgTTkz4GB2S3DufoVEy',0,0,'2'),('12zicJpdAJx5dAvvtV5zmyo7EyaLRTmaPR',0,0,'2'),('12zv5Kvga5GRN2kzfu3dtUMNeXEq2xZKAM',0,0,'2'),('13176NZzZXLV68fA2WYQU92hq9RhjWMn9u',0,0,'2'),('132Jsjff4SoZmmjfk31oqiwugKTVPegTgF',0,0,'2'),('13325JDuMyGPeoWuH3XpadRf2py1s1JHCE',0,0,'2'),('133bU8i7BJQ2gN4d3G2vkEuYiYr842hCkA',0,0,'2'),('13611qLK1BycqaudZm6F3DTtmFCVK5hjbL',0,0,'2'),('136mTUPGgT8345o5KZTsB2rtrRJYcaDBMH',0,0,'2'),('136rHY3wc2aHUtzrr1ctJSiCKR2cNcd61C',0,0,'2'),('137WsS68CFMpfXuLFSRmW7DyDTSCEY7qWu',0,0,'2'),('137Yfx8rX758KDYVEbpRkgi9ghEu9fhnrg',0,0,'2'),('137Z7BDGQNtYpTiDhVVBSxn6pBGiZSfpr2',0,0,'2'),('138Euak2kd9tj3sfrdYqMWZ7bTyovf2t3z',0,0,'2'),('139aaM5b5n2171tMR6ynhuduPYxYG7ZeF9',0,0,'2'),('13B7ArnnQjq7tWaqKfyNrPD3ZC7BsCajqd',0,0,'2'),('13CHKH9VJMHdeD2gHGF5ymd3NWGN1n6ENh',0,0,'2'),('13CoCqT9XLu7W3aWkbVVZrd4Mgevbpbojd',0,0,'2'),('13cstC624dujL1qZBwQXHz8RPtGsejp3wk',0,0,'2'),('13CuFZqiSfK5s1y5bR9WEH6RojQdawzz3G',0,0,'2'),('13CUw2gQE2Kjt4BeuSybep4t6RCtsTx4qv',0,0,'2'),('13Dj1taqkKbtnLr6mwFb116QdSnfacQk7m',0,0,'2'),('13Ds4MnMb3Pzr29aAG8ghE6V9ZSrXnp3di',0,0,'2'),('13ey43nf7Xq6mpw3Wpb8UK7fFJubdWysf8',0,0,'2'),('13ggABRtLfKokw6Xp6ZfG326L991NsZiTY',0,0,'2'),('13imEG8o5EzH4ac4vfuD7d9GEdskiAH7M6',0,0,'2'),('13jhySknC4VUJSb6p3JEa2psrRMHohnWQw',0,0,'2'),('13kqiUiQurEezLLBtHFt86yFVqGYYVLhnu',0,0,'2'),('13KTvhwQ24nXUpTwTtn5upk3JckUmJGxw9',0,0,'2'),('13N9GstAsy1nJKd4DmjAjPHxTSvn5d8GGr',0,0,'2'),('13nmf8q6Y8MH2uyPguHYjgfCfn4Kp3LBQa',0,0,'2'),('13NMKzLR5CeSN545h2k7X9a2vW1wN7Amfc',0,0,'2'),('13nPuzvvwagrQ8YERJZ8j6B5kUAwZ6iKDx',0,0,'2'),('13NVjmUGvtKSRmGyP2GANS6zzc8t77Q3MN',0,0,'2'),('13qJ5NT6oyWZ9xejYAp71hDAHzJGxaUm2w',0,0,'2'),('13qUAE1NW1LXkobCvskyMYUzRu5B3SvwaN',0,0,'2'),('13rYaJHfCZGMmSagCrgSMztG7yfig9LCz1',0,0,'2'),('13Tx5agmcw2gxypKX12R35PbN9K7BnXjLb',0,0,'2'),('13vb1VYCYjPGmtHcf39j9uoh8EbgDKzjvU',0,0,'2'),('13vgEh21WhvpBH2ukqmYYPx2xzimEfjr2m',0,0,'2'),('13VircVEDK1xyK9n7zLSv3o3mWg1GRKdrC',0,0,'2'),('13VThujWSxD6JdKimjrDePpynLcEYPngpU',0,0,'2'),('13wXbNs1eHq3pgF7m884BedHhdZCyvDT2D',0,0,'2'),('13xgp2uehpvFCrqA3adBQRzd4VhHN5cDfz',0,0,'2'),('13Y6gUdnZbszKJppXUGpP7gwpAeujfTuuW',0,0,'2'),('13yLQdGd7ZDwU9e1VsMmeUVpjFPfbzGcNe',0,0,'2'),('1434skTfAo9JDgfLGJ97tP377TCg2TkfSZ',0,0,'2'),('1457qUTPNfmGySaGHoH1jrSQkeL7rm6UHa',0,0,'2'),('146CMQyH22GxUKmyn4EqJxrJzWwV2tMTc8',0,0,'2'),('1478Vbn6AAWrwSZKtZkKENesrSwmMQJHf4',0,0,'2'),('147hdwDmJiAQWRqwmkAst9tZ5cmyMQN9Cq',0,0,'2'),('148niNWCcL47qktB9mXVmYNbHRWB9uHY3Y',0,0,'2'),('14Aukfepz4L8KQdbk2DeJqFX4WVMH5Gqea',0,0,'2'),('14E6GWPN9Hbv4SdfGv6z4MFGct1JWUQZs2',0,0,'2'),('14eBZmPWhbqKaQt5vv7PXYf8SmkPZ6EGED',0,0,'2'),('14epyyiqh9NZbMStDPhvNnuC3AV5oVGK41',0,0,'2'),('14eQHtAuyVFV7WwHG66kjvVBwYVvsgZASf',0,0,'2'),('14f7XJGT9mGTMuBHWSLK4otuyaXs3WC8Da',0,0,'2'),('14GA2UKQEfiecqJ6wZqd9etfGo9MfZuJSp',0,0,'2'),('14gGPQdh59C4MLVdQBZzNfnCpRDUmS6qu8',0,0,'2'),('14Gu72K5sSBCEm9zJp6vsDcP8HxezFA2vm',0,0,'2'),('14gVzC7Jbx5Tbaq42Qf9qrgvb3LSNPiAbo',0,0,'2'),('14gXzEcZVkrH8CUKrhpDBH9VBeyB2pi2oW',0,0,'2'),('14huiYD3VfGLpP8nkjsdLDBLD5Dn6z4ZMp',0,0,'2'),('14je8rmCPgZyVzF7tdzPh3qK9jMQA82Nau',0,0,'2'),('14JsnXvk4CSYvcCPhzzsgTUJgjg9d5rvNF',0,0,'2'),('14JwCZtGiHs1cDtc6sf1N8Xteiw56JjEz1',0,0,'2'),('14K8Y1WKttXCRUfqNYDZfBKfQu96pofHAj',0,0,'2'),('14LxTAA8S861yhEvCQjrEG7i9VfHw8sM7Z',0,0,'2'),('14NNQe5P6DqBbck3c4yqQNhzx1yk54nR1E',0,0,'2'),('14qifvy9Cm7K7SJroowi3sxLBXeXLYhhiG',0,0,'2'),('14qQQs2MqQqL9vJVScPaL4Uwj9hCVy79pC',0,0,'2'),('14QTaFFd6rGECeimAFJRf1zgQ9SUkHK8rP',0,0,'2'),('14r9pqp1G2QjFL2vgRHUsuFu5LgFhfbbrK',0,0,'2'),('14rD8BssomE6zLjrXsTZENuNAkJMbNEp11',0,0,'2'),('14RQZPCk9qhWSPd2EuT2qYWLSQgyJbAciC',0,0,'2'),('14SvDhYcTA7Fh5QfGzsu8V52VDkRDQE69X',0,0,'2'),('14tgS6EyFmxJhLpbJdZh3G4o6a2JRC7LnE',0,0,'2'),('14TzXwVDhuxricHiSuCxLVVmMSy1J9hBx4',0,0,'2'),('14UciHuKnhce8Vx4zgRZtcmgkNo58pmfRp',0,0,'2'),('14V9HF1UP4iAYm3G7u29hnQKDEAwbZ7bZe',0,0,'2'),('14vm75Ntp8Vhv3DcRc4RWAnHQ26aVhDtnd',0,0,'2'),('14wFeSyZaWeiRtCJiFUizuakxKdMtkJMAu',0,0,'2'),('14XK2PN5dzfjKBLtnR4PVK1fdnAnK71nj7',0,0,'2'),('14YPtL6Jc9M35BVvwE61UuW6JVFtU9gcvs',0,0,'2'),('14zrwJvX8EbZeG25Br4n2ug6WQz7tsJGja',0,0,'2'),('151WFff8rYrtWaMewud35X7MBggeA59bPK',0,0,'2'),('155P8Ex6P4aNye9iyH4Q9oobGSmFvZ2hn9',0,0,'2'),('157EmMgSq81et6Z77zJrzSMBuuJQ44XAx7',0,0,'2'),('157vEtYNVoBUKvAeYjG9PtyZ7xdUtnv6ks',0,0,'2'),('158Qv1kSgNJcuWQQkzJfAsLWVwWo32ukJC',0,0,'2'),('159netLTAjYo72coTBD12LUmu9YcN1cmcF',0,0,'2'),('15AxGuxCDAGsMwxBFKg32ZxTJnAKJ37J5h',0,0,'2'),('15AYaiLgZi99sjuqv9o8KgRYB9QFvGKus1',0,0,'2'),('15bmxMhfD4hAHnpC9wNqMyGDaNo1Sgm8Qd',0,0,'2'),('15bTvKot3waBThhG8GpK24uwtvCRKtAnQk',0,0,'2'),('15cf1N9djPV1ZDrYuXWKg9x2SFsQEyzu7A',0,0,'2'),('15cikDZ8B5KvSdsnF3PibESx9pqGvc16hH',0,0,'2'),('15CYBxfiduz9iqvSEY244eeqdsb7ppdQNB',0,0,'2'),('15E9DDvahSjhYfdU33e47M2yJqLfwMmMQq',0,0,'2'),('15Feq7jEmKDDwBA7ewPKo2HLfnR5DvTEg7',0,0,'2'),('15GqWNEv7rYdZHac67QAFp84HLMPjidHjS',0,0,'2'),('15GYHzD5Gn9uuuib3AY2GKz4b6ye3Jr8qz',0,0,'2'),('15gzFfCgmqwXrHVKxjWodDVRnUGY9V7Y7s',0,0,'2'),('15JGRpXH5cbvjdRfqhaiCFgaNHxq5MaueP',0,0,'2'),('15k5A4UaFDS7935nLyYUn5EkAxngxxpaXi',0,0,'2'),('15kAuH6HEiMmarAunctx7BPNLkgJf69hyC',0,0,'2'),('15KFDigKy5KhEwSryAK6p8sizXnNEnHdjn',0,0,'2'),('15mPHpjWMQ7Q9NsQ9TBUohXqCdqavFDJtN',0,0,'2'),('15n1NpsJM2AZJov4SgDpxiUEYa7ikGoQK5',0,0,'2'),('15N9bKzpdcxoE1WhsnENdmzJPRQkwHKev9',0,0,'2'),('15nP81fP3caE371HJbp4y4hVhWs6CDUAgZ',0,0,'2'),('15pMZ9PaFtP7M6HgRMMM3TyEkixNEvURAq',0,0,'2'),('15pxT6UkUhNwdzbPjZts1tR5pFrqXRg5Vy',0,0,'2'),('15pyrA3HJ5oWnGghjjdJmfvdRzaQiHmNWH',0,0,'2'),('15QLMrQnEBSAgLNVKsipE6WdmrkzcHJmfb',0,0,'2'),('15qzKE71KbJHcWnVMGjdNc6YXNoVRaymfU',0,0,'2'),('15R72au9bZ7c4kYSh72DX6ADZRBhnZHrKj',0,0,'2'),('15Se2cpjyaXp8hP8yQRtqRHod7re6vqUQW',0,0,'2'),('15T1EgVHRaHuaYUszBC5KHcz25xXaXpDvU',0,0,'2'),('15VBRWehfZVKFiSbLsA759FHg4UmVUTL6a',0,0,'2'),('15vMqTUXaq6VEgrkSRefM1eNWWTSsCSGeJ',0,0,'2'),('15vs44dVPPe1cLaY224aRsC5BQar13biUV',0,0,'2'),('15Wpw9bwPAfhAAXwLay8HyKfVjmDcs6thn',0,0,'2'),('15xbDWUPE9gk4VtBqHGt9ZyYbnb3NbKP6a',0,0,'2'),('15yUzc7C2xRgaAdjKTo3UAmnm5n7y3LyJf',0,0,'2'),('15ZbbRBWTTvU4KAoABa4Jj7VvrkxanPhmc',0,0,'2'),('15ZiomJzKru8pWXiStaEtcG4fiaPVSqNpw',0,0,'2'),('15zKjzU2pTPXpbPW769x3Pio95PK95SQxx',0,0,'2'),('1619iR5vwG6cE5TJcFAbv2GWcU4SFVhrrR',0,0,'2'),('161Mj18LnbPsRrLbQJF64nWzvt7ZdyZn66',0,0,'2'),('164Z7FmdmvcES4FKcVqFFw6LwwNteXk9oF',0,0,'2'),('167SMdvjTvoHDR1LnVTLmfSNGzcbFmYT1m',0,0,'2'),('168JXvpdBH5m9mqkt9d9GmSzk9WMuiHjJR',0,0,'2'),('169r8nnGQe39eZwxSQviHiqKn3on9UPrP6',0,0,'2'),('169xAAFan8PMcneSuL93ZbgBs9tcFLMMDW',0,0,'2'),('16A5iX3DbPdmaDFriiZnKgrjnBP9zDUafP',0,0,'2'),('16Ai9V1mLRUWwLCDp3VeXUAggLVvaBAAnE',0,0,'2'),('16cFcS94hcFXnY1bChpad2yH27vBizf2fg',0,0,'2'),('16CrBJxM9yn6ZSTgVPfsZQhSNVFwAbisWP',0,0,'2'),('16Fgi7Wyakh7PB9k5T8RsDHAUT77g2Ufp6',0,0,'2'),('16GBHWVrVHbc52gC7fZRv1tNQqpTFfb6Ja',0,0,'2'),('16GczE7gnBvfaNH6NFZp3vACvYnHr8zp8r',0,0,'2'),('16gsqVhuLjcZojVd979JghthKYndZPx3ri',0,0,'2'),('16iA8EWka8EpNz2kTsfMU5goAg3uTeDujq',0,0,'2'),('16jj9DzL4d1nBoSneP8iSf3179qGuykZkm',0,0,'2'),('16jJABnkiSmmufuVmVXPPfH8QztcXB3zd3',0,0,'2'),('16kCMdfeAUhsmcjDTsNJDtAtXawKmrCpsa',0,0,'2'),('16KD4UkZb1UUtkAtbcgwZJ5DTqkn1LJk8W',0,0,'2'),('16mE92jdsXT1Fakh7bfQkNKZ8R6G246CAQ',0,0,'2'),('16NExBao2CvwWEQTUzzVtFXeodByioLb3L',0,0,'2'),('16pd5LhoCL5TzFdg3ateBXhn6pvuH2asQa',0,0,'2'),('16R79qgXDgMNB9bT1q5wHUkc6g6iyELop8',0,0,'2'),('16sBUcYitafCB2t2o5qE8rjuAzcqfeaPS6',0,0,'2'),('16t3P8gyr4Uvwby1Zg8UF8Eh2MTg68iZTE',0,0,'2'),('16tpKJsMqheW6z9RTVKdT8vUQAv2wCkpqN',0,0,'2'),('16twbxaERBDoct8mwniiJm1geZftp3XACV',0,0,'2'),('16vV3HtD5BnaX392Bid5SpaBZttfHsw37B',0,0,'2'),('16WzerWwuiaGewt9iMgwnFbtoyRGc3CfFY',0,0,'2'),('16XrnvaKEFUXg2mUzw52RL51J4SvCbJi2C',0,0,'2'),('16y4mXds4zVHS35591ALGX7fHWpXRi1KtZ',0,0,'2'),('16YCJm62gKE86xaTeoPSXXmnW6VdWix29z',0,0,'2'),('16ZbWJSKs3BXnhP22A1dB2gvEJoAKs1j5K',0,0,'2'),('171m2aWa3z3DQzahbCxJgnT4vDcuEFDBTU',0,0,'2'),('174TjL8LNSpygCehV71Z45cQJyu2UTVjWu',0,0,'2'),('178AZhajdzXLQYMthGGzzwhxZMSQWzbDet',0,0,'2'),('178V8DGrRquZUfEpLAWcTZyzJhrgXoPHmK',0,0,'2'),('179d4VSA5SuDsBiFDAqA24h1nYsa1crEqJ',0,0,'2'),('17aQU7sK7hChqA7HcwW4W81tnHRgkVjB3a',0,0,'2'),('17BjmimzggCPBPKh5RUjS7HS1yhXw1R2Mn',0,0,'2'),('17cxypCuLhG4FqJVZVtQXEMie2fTyyJAkv',0,0,'2'),('17CyPDfVyBJs866LPmroRtocPTb3VKDFb9',0,0,'2'),('17CZJwUTYEdL6iGBoBa7Vw5Q463yuoiw5Y',0,0,'2'),('17DCXr75q7Muim9wGJLkbsrPxYSfikDVbt',0,0,'2'),('17e3zdGcUiqwbsJjYFhiCMZKjzBsQLmzoj',0,0,'2'),('17EDT54U3QcdZvgsLmCkm7Sqd8yFGiUpEh',0,0,'2'),('17futF2TVjrgz4LPGWhfVqnAMf11QTShm4',0,0,'2'),('17HCuQsBa1XTNym9upq71bdE4A9mnJJsX4',0,0,'2'),('17hxA2sARuan38Mb8D1UtYH21CsqVTkC1S',0,0,'2'),('17ihLKnvp5B3mTdrLQYw5UjT4RRdrZzSUx',0,0,'2'),('17iNijaqeP9EAwbLVD1MagoisZ19Kgiygs',0,0,'2'),('17kRT4dxCKfXnUipYxwimazWgwEiK7XsaN',0,0,'2'),('17Kv1eoi4j24Qx1F5u4RwAAQuTUTuAfTdg',0,0,'2'),('17LNtMSZLgaKZpKeQsYacbhYyhw7sYUk9b',0,0,'2'),('17MwKknd9kwJGFkuRZPhgtH74Su16XFydi',0,0,'2'),('17ne8i7s4Ud4UQA4AK3Z4y9Rs8cYbUvuWs',0,0,'2'),('17nsDR5zFbPv7V2CrpQBhmD8moTb9aCnUJ',0,0,'2'),('17NtWEdBZLK1U9jjoTcZ2k54uTe6UGpE2g',0,0,'2'),('17ouR6XbEEFduLWrX9WM6gQ3BNTueuLjGw',0,0,'2'),('17P3HuTw2KuXUBpnY9sFcVdpWxzyMCMEA5',0,0,'2'),('17qbBAfLpSF6npKp5sw65qDJERzWjhicw5',0,0,'2'),('17qMrRwDKtSkx26xw3nJQonLR6bGGjFitv',0,0,'2'),('17r65RjRFzKCyBE24CLHYff5j71kzQsoxk',0,0,'2'),('17tmwox6KJX77FBc2EAGcSYgw1DjqPgzrU',0,0,'2'),('17uqMgrNRfKKy2vCwTuen4BmMJXvTQt6aJ',0,0,'2'),('17uWYfJ2qDfX82GDD1LwgLsR6xBtJ1DWDo',0,0,'2'),('17VErbjHmL9KhTMK2RwCFmq5TK38zx5AhN',0,0,'2'),('17w4mbg8SwhaGa2hriCAHBZZ4oK4WSspU4',0,0,'2'),('17wtyP9PMzaYYpfY6FnxN7wcme6EEfWenx',0,0,'2'),('17X1DC6sgmYvbwmjCARXDvc8SNNFJJ469n',0,0,'2'),('17xvqnb9hVixQwq4QjTKUoM98CtFN4z178',0,0,'2'),('17yAtrFSKGem76z2nypyqCyNNxVtyp82FH',0,0,'2'),('17z7ZW5YDEJk7WAZFExgStWvG5XtzEtUc1',0,0,'2'),('181BGLSVcZYXeBbjEBX9qELbMEWJp9FpSA',0,0,'2'),('181TNC16krYUDEL7eLkkXLvW31USBGEo3V',0,0,'2'),('182QGXMGZaSUrWAUDoZZTE2dDA8q1KQttr',0,0,'2'),('182rATwsRN1WTJDLyN8isPSSvhaZLhdZbN',0,0,'2'),('185p6hA1y3bqohEhFkboRxkHnqFXkdC2z',0,0,'2'),('185vbJW3kJ2TrRN37VgQf4M19ujcmEiqax',0,0,'2'),('185wzdhksRSRoi7XF5DyStfA7PJC93NCqP',0,0,'2'),('186cbQwf1MeKxfb9M9My4mS3eN7FBTgfRB',0,0,'2'),('187dHRg6BfNasYxGtt5N3hwBbVH1kGcWKp',0,0,'2'),('18aUUsFyzozzwoxGoKvpDc77cCY4r3Bhv2',0,0,'2'),('18b1dL82X5M1633Wcys5rBxeuC21nrSLB3',0,0,'2'),('18b5XWn9Chi8nsACxsdoDrPEM2mBSaZU5p',0,0,'2'),('18CZH6o9VAKXE3F6jqFiy3DcJseDUzfmyZ',0,0,'2'),('18DmQpaDLweUvrGjbw4YmmDf9txjBNwakz',0,0,'2'),('18EkH2ZD7QDs8NA8NagtPPBsuEmbNQSyDc',0,0,'2'),('18FnXuMtwjiXrEWAGPrgnj7rUYSJyoPXP8',0,0,'2'),('18fushPfk7oyejanyLnZH7ZZFKN2YS9rCn',0,0,'2'),('18g3GttL9sW2BhqEwCFEwrxAamcHWa4kLc',0,0,'2'),('18G98vwT6t2Ccdska4VeYnV68Ztpd42Xnb',0,0,'2'),('18gob9jut9p3i7RoHjY2D8UiVCc66w8s5d',0,0,'2'),('18Hj8RLnMbvDusvEpBcnUYyjz5f7VEq1Df',0,0,'2'),('18idE8n4xF6uEuTHfbsugYzaiA5sEY8mQN',0,0,'2'),('18jJXwmVMSTEMgJN1wvE3MrzBCRF3124AH',0,0,'2'),('18jtvCmA2Z5FfjH9qBq4HFEUjZ2md41Fek',0,0,'2'),('18M6xmBL7D9KgyuNygCazdPRDcRJ2Y4HT1',0,0,'2'),('18nbinAyM6Jk9BrVVURSyTKBzBYPFGK9SS',0,0,'2'),('18prKrLjEGWLNpjgowe8hGQpPY5iqZxgRC',0,0,'2'),('18PVYwGnLq5qhdhKVh7bDwAHbYjmrwYGVF',0,0,'2'),('18pYnAXMiZCQ5BBkyMizcXgoDTZHWq7TMC',0,0,'2'),('18Q5qmZR3p21Kt8QbzXfYRxcqDxVxZw7oy',0,0,'2'),('18QuPig7a7M5FrXEezzzhT1Th1HnAjwq1y',0,0,'2'),('18SMDdLsCHQzqyzaKkEuDHSF5egWaN1FiB',0,0,'2'),('18spy5eusv2aoxwR7e4LAwWbCNz8iZpRSB',0,0,'2'),('18svcTFQZ8QWobq3Nt3F5jLZp5nXV68NTu',0,0,'2'),('18u5vpQuKvL8qgt4vpg2Hfn9bDiv1Zm1Cg',0,0,'2'),('18Ujm8qEpk41mkRv3jjNR5HeXcAMEpUSvb',0,0,'2'),('18uoXgtom6jdGoXyj9rCtqicsu32pLaH6j',0,0,'2'),('18VKZ3CtXLDDKLQi255yZEiRnbCaF7mVnZ',0,0,'2'),('18X8NgfEBAoortzSU3xknYMPh98mNsWDER',0,0,'2'),('18YJZj4XYTrxNa7gk6jCTHtTe1bi6C9puN',0,0,'2'),('18yqUCkv9GzgFF9oJJA5RtsMjkUBhs83hB',0,0,'2'),('18ZpRz5R8m21dMmxvFVZ8nWQNNp5RvwRKn',0,0,'2'),('18zrxWVMeBfiEbQPBUofeXwKExmDQUBsAf',0,0,'2'),('191xgyZrjo6wYUT7G6WyoGeCWJVMuF6ttV',0,0,'2'),('192n4QW1soL1Quj6XvXvy2eKgEAWXZQxTv',0,0,'2'),('194yLm5J5XdTPGxxqz7cpAY4ACMs6iYVkE',0,0,'2'),('195SHXdJykG3nLbS4Fes99kb2pLBDQpr4Y',0,0,'2'),('196p92TZSbVpEHeFoQ3fGuY5SyJjbRJEMH',0,0,'2'),('19aw5MmtAK6kZY7tm3rsk78W4PAZrHyF5p',0,0,'2'),('19b28nz8H45R878xfxomvuS3j97wFdxb2f',0,0,'2'),('19BxwzrgYxGkGWWrq7kEhjo4Qp6LQ7wjct',0,0,'2'),('19chADkzPwoBo2U5NyXrGMtzXNyihtTyR6',0,0,'2'),('19CT4URF8fmFcT2XyuiMnuGZwWAAe8gqeL',0,0,'2'),('19CuHPAPTjZdPxkd9MRGuWzz6QR1TqgSzQ',0,0,'2'),('19czJR2CpHQWD29bmqh9xxLF1jgFHPzAQr',0,0,'2'),('19e9amyq66Ske9k5mA1rpLDenVoDXfS17Y',0,0,'2'),('19fvr1CGagXeZT4ccRoT4bLjXDAYwBgsPZ',0,0,'2'),('19gBst9yrL1qfNNTyBxXWx5jP8noYkT6vG',0,0,'2'),('19GnFtvhZvTGpxGSuFsz1mCtH4aNK4noky',0,0,'2'),('19gxxQzejiSgpbHhCdxvsdzAykiPVoyxuZ',0,0,'2'),('19jbrozFKP38hktn5cUMUjTZD417wdfFkH',0,0,'2'),('19juX9gRxN5wCf3cFeTZSSuzE2Sf6oW2Va',0,0,'2'),('19jZzQGczXfWfBhoZobXZ3riretzZPkcYr',0,0,'2'),('19mrdTnr1PGnFGTZURZ7ZRyrm1pA9GGCwc',0,0,'2'),('19N3brk3MXLaLSMrHdxoaKdgvTyJvX2hVZ',0,0,'2'),('19p4Z4FpawkyBbsJ11iiCV7FpXTrJM9LMv',0,0,'2'),('19PAJRNHGun2rmBJi9ME7AG52CW73uMQPa',0,0,'2'),('19pBsHoUEYXDmKZuGePAibxSQ2ndVUnFsm',0,0,'2'),('19pcqpjqXs828KeEwJwoa78BC2Cy9k1uX4',0,0,'2'),('19PKHJeda2Xh8ZJQh5YGvtJMGvAyRUAjKP',0,0,'2'),('19PRBZJecygK3QuQz2CcvuG6XMXyM8hn4Z',0,0,'2'),('19qKFSs7cVpjifwU6b724dYNY3vtSe7nUk',0,0,'2'),('19TGz7x3gVkuwPawaruJQxN6rNXxqXnPVE',0,0,'2'),('19twmR6nWCNDoBNJbpiqLinazZdxkwQZ3s',0,0,'2'),('19UBL4cgYGnTGjokpW6GqFVfFcF3rdm9CR',0,0,'2'),('19urtTF3ZMRXt3LYiHn2yP2cqJjXpXFd4T',0,0,'2'),('19UsfzBupgTh57mN69UYnAdreKjh5xt13o',0,0,'2'),('19Vhc2vrC5uawSbG89hu29zTLcz4BAS8Aa',0,0,'2'),('19vJM6aTBsMjKGaFqsEHSV4v4T8GJrLSKJ',0,0,'2'),('19vS4FPcA1nZR3R9CcrTc3brJ5DvJ16CAE',0,0,'2'),('19vwGmTfcxVdmnLU58aFR7Yu3qPjPPCToT',0,0,'2'),('19Wpq9FWz1NX1zR8Hc8MMBYjpEJhdjnHHz',0,0,'2'),('19WTTZyimzhtDdeRZCAz29W5QWSCmFGR5Y',0,0,'2'),('19wU6wZYfBfp8gNpahJZU7Dnn6ExgTjfU5',0,0,'2'),('19yjx9TS9rc8oKPE6w62KWiNivecDPdy7T',0,0,'2'),('19YksLXMZcjyjvf5WVvVvLi39CjnF7qN6E',0,0,'2'),('19zJigWUBiFzFqexiGLdN85t3bi1QzvcCy',0,0,'2'),('1A2bN6Z2EtmQ3xAfPjubA4ydTgkXyXNJ1Z',0,0,'2'),('1A2zSbeChcVU7eRHq1GVdof1hrUsg1Av2C',0,0,'2'),('1A3zG35GSBzUvCB86t4ygN7P7tj313rULo',0,0,'2'),('1A5afD6ZWVGuuYptfVrxucVk2iyeuwSb49',0,0,'2'),('1A7KjYeAzifTBZ81CLquFhr2RN5qKaEk6t',0,0,'2'),('1ABS35Tmw7ZmD7RWf6XKyFAcd2EzmqYbX3',0,0,'2'),('1AByGk1i87ETah149EsoG3H13cbuEG4MJm',0,0,'2'),('1ACgvFAxKpV2RLy7jQsYfNKmo4hx1NTcNk',0,0,'2'),('1AdfJE4LvA7wdhwcWFTHuyBUXV1MvL132J',0,0,'2'),('1ADJbE5cBF6q98pHDM6UDiNV7x41wrJPcD',0,0,'2'),('1AdWXvVNZk3UFHy3aipyimBiMmucqWiCmW',0,0,'2'),('1AeaT5Ms4zdA5y7Y3uG8ZL16g1D2vWNPCP',0,0,'2'),('1AFbzKHThoHU48jqEvgmczpBXx9zx1csSS',0,0,'2'),('1AfpsXvbxKePtyLLCPNdVCaozRPPNKo4xw',0,0,'2'),('1AFpxcat2pLavrzXrebikRammDci3gqDi4',0,0,'2'),('1AiWckv4BNzbe1JxXHZi1pNSmLHmgXGfqr',0,0,'2'),('1AJCvZ3KoEKqceLzHScuPAdMiR3FFTL1G3',0,0,'2'),('1Ajmfo19hJtqBPBv4q8iUbhLNJBKUCz4Aw',0,0,'2'),('1aJyLLN76MvFYF2vLFrgCeEAxPjj3X3ga',0,0,'2'),('1AkEWn4DrYACnSFZ3eQbKSSnRM32HcLHS8',0,0,'2'),('1AL38zTQMN2g4zgDkTwQsmb687svzHchfZ',0,0,'2'),('1ALj7Q9nFFizo7f5qf7RVvQdB9BcMHRXgw',0,0,'2'),('1ALtjVZzKR5AiZudTfHhqsrSVTcLBdor6p',0,0,'2'),('1Am4v4phZNAmVTzCGnvJwvH7EjW1T4QDhB',0,0,'2'),('1AmpNfRHCLqC5HFm7bmK9cyio61AGvhLRY',0,0,'2'),('1AMyVWWULgKGsCqzMpSmy92vCpeRMvFPxE',0,0,'2'),('1ANuppfq5cuXoq73E8zBDvGtGZtLUvvpJq',0,0,'2'),('1AoebsCy9avwarSRrnSGWhawjoqkzRf3yx',0,0,'2'),('1APtsCQRSAR1eKGisr9DpwGFZ8zo7uTmjq',0,0,'2'),('1AQjGPjai1ZQNNX7hsvoDmdiYFATwSLEMJ',0,0,'2'),('1ASmhoV9cFKFWn4jWyK8qK7ekcydNNVEnP',0,0,'2'),('1ASmsAgPCuqy1y147uXRTgLukWNVCm3feb',0,0,'2'),('1At62x1BKteEpSMLTU6mToW2T8gHRgjPVT',0,0,'2'),('1ATh13P2EVM64xoWPRBE2PYyR5GtKptptQ',0,0,'2'),('1AUau2c2scc49BRcxEz2JnY17ZVwYf6GMF',0,0,'2'),('1AurTJQruc2fUmU6FmL2tDpgjkzYzM9TCE',0,0,'2'),('1AvFvjQxCV7fCeAdkTSiFgJiJFeAcyQ9q1',0,0,'2'),('1AvQr6gSgekjuwCwDdqipBxUzT5XPBUZvV',0,0,'2'),('1AXsNTUj8d5yySnah6yVyGi6BMRhUiA4Rj',0,0,'2'),('1AXWkRzd31rV9eNMLA1R9GJ5p8M9W1SvCw',0,0,'2'),('1AyEGzAwk5M9So5hVjHGw6NQpJxaYahVQ',0,0,'2'),('1AYthD1VndKxi62FApLvqkRyDEmrtPmnS3',0,0,'2'),('1AzrqXUf1m12YtCVu7Ww8HsDtKEkpx3YTn',0,0,'2'),('1B2RbRpYeb2qifE8yYhdr8iM5REhVUjYVr',0,0,'2'),('1B2vibGNyjaBvWvszxGhHcBjphvMicb3Pv',0,0,'2'),('1B3DcJa52DbtebdFf5ZSjan55JS5wV3963',0,0,'2'),('1B3DjN3gCH6HNTyzx5GnQXhNELVgYQRzTQ',0,0,'2'),('1B7k5oacL2Z3gA1778Yjfyg7LD7gsTtaRF',0,0,'2'),('1B7msSsn3jfWNPeo7GPrrrafpF98sPaZbq',0,0,'2'),('1B9DhDXHbSsB4kEdKuQXqK2ujGNMAPXH9b',0,0,'2'),('1B9PPrjJ3LbKM8L5UWD2nioAepQty12qCY',0,0,'2'),('1BAKttSnPA3YWFkn691FuNb4S8aRfwGBe8',0,0,'2'),('1BAojtj2cStKSHLVQZ7GBMiYynUPAmj5Ag',0,0,'2'),('1Bb74xNKxkY1CpBKKdBBvFF27gsfD2UZW',0,0,'2'),('1BbEVKX4EhsVrBtctJk7bfk2goFZ34GwfD',0,0,'2'),('1BdjoTs9gBkVdkRx5RbhLajRah79r1afqn',0,0,'2'),('1BdqKoUHBDBAPCGpRTHYFvKq7x4FBytdUc',0,0,'2'),('1BE2SXUMCxnV1SoDfH4gq9Lafoyir77Q3h',0,0,'2'),('1BEiejuw4JyNMCxwymuYUWa2iJ5HHHo8NU',0,0,'2'),('1bfcXKtuifaDEuS7PSRZczTMdC81imrBY',0,0,'2'),('1BFFFkJjZMeX5AFgUmzbUWucKxkYTqNGey',0,0,'2'),('1BGcZ9YMa6wDa48DEVGKFwcc4jfKQjBrja',0,0,'2'),('1BGGJyU7ziLGXTpZ4TiMzCmRqCD4twKFDD',0,0,'2'),('1BHnxFxFyugzFGF4tLhuhTxxo9aV3L6xzb',0,0,'2'),('1Bjd3z2G3RFzCWZJkhCZQrXnPpx1YtMD8k',0,0,'2'),('1BkZoB1e44A1WgJU1T6Bzg9cpBhrJcFAHf',0,0,'2'),('1BmJESNiyxmHwENuYmBK2gdV3uQ6Bqo7g9',0,0,'2'),('1Bn1E11s7ijMYNBBphFCYTpf3Qzr7StMd6',0,0,'2'),('1BNAvftpXha2v6FgPSQEKKqfuvXQHqvKTG',0,0,'2'),('1BNmR2aydhd2WNmDt5N9t629HHio7GfHRr',0,0,'2'),('1BoiJmE6zGEjNmo5tKps2tU346oe9JDeEq',0,0,'2'),('1BpMMYV1t6fZpTM1Zts9GGCQCsUnGrQduy',0,0,'2'),('1BQgbYN2mzxxBm74Uj67tuJjKi9FisWfHh',0,0,'2'),('1BqWXXPrmusqcTnszhYMyB3JXVeBj8Lswb',0,0,'2'),('1BqYq7HUkMJCFnRUbFVqbEJihbn5KSDgDj',0,0,'2'),('1BRzf5UwbDiUHesiqwQLvBV9JWhz49ncew',0,0,'2'),('1BSfGzjxPG9EonjnTxneNyGwQQk6dVtZH8',0,0,'2'),('1BtmtLFnV6zzB7mgSP1HM7zo3WsHzWcfk5',0,0,'2'),('1BtrDtNf4sxhWS7kYEvC5a7RUrbVx3kDNR',0,0,'2'),('1BVmzBuQ7ktFaYzXYrbcJEWvBCVKaQsEm4',0,0,'2'),('1Bw6WmDJTVKxUh4SSB6FFBRawfLpyX1BU',0,0,'2'),('1Bx1p9hPU67dePvu6ZXJxJh7vAzrZcxYhe',0,0,'2'),('1BxHofQFeKVxTJCdQnyRArLz7bfSNajx9W',0,0,'2'),('1BYhWxPQhUshBUBME535iFVyjKzWFTkfuV',0,0,'2'),('1BZ8XMrMwtLnkLEzVo2sdcHL31S4mEX1WA',0,0,'2'),('1BzaZmMuDaoQRhmNXYjfehzEA4CuCV1PZD',0,0,'2'),('1C2w36jjX7xsxq3Ynh3CXCo6xqBbrHPnto',0,0,'2'),('1C3JYYxuc6bwC3BHX8ZZrtdxsuLHZUu1Yt',0,0,'2'),('1C47hXqn3DuM3HG6rUSAy4xM89gX1c32ng',0,0,'2'),('1C4dd5MvH2PhbqBuvpvpWg2ymwPG6oiiSY',0,0,'2'),('1C4mzBY4pctTrCp8p17VrMo497aqyhtU6X',0,0,'2'),('1C4wn7jPuvSnEqXLohBWz79Broq6Nkm7Ea',0,0,'2'),('1C6jKeQ22zxASYahsCXM6JfPPSvCKJiuQm',0,0,'2'),('1CAbe8pXiC1vdeM1tUTUThNThc6pNvXhSj',0,0,'2'),('1CAus7b1qJGX1Qef6AdBtUfwZ2rqDVcJF6',0,0,'2'),('1CBwxC3pmJoxfwhBHQ6DGsmFcbiEVXAGHR',0,0,'2'),('1CCS2Mq5hTpxWY9jqLKiafbYuJ9MGKMoDi',0,0,'2'),('1CDcQEu6nVqSWGyWCiKkycRDr2nM2VMVSz',0,0,'2'),('1CDjJ9hTaCysGkh6i2GTP22z1w35YHPiT4',0,0,'2'),('1CDY9evfW9ptogj9zftNdbyAUqnwHDGz8f',0,0,'2'),('1CEt7EzRtPiAo8WMuTE2AgsvfkBGodjR2x',0,0,'2'),('1CF4oivAbxiuUQCbMzfgMoTPnzcUUvzb2p',0,0,'2'),('1CF8xpYHjTD3vnBNxV27UmkGKGQewaXcFe',0,0,'2'),('1CGiuFQee1PDK3nkRvQuB8SgfAuFmSrzxk',0,0,'2'),('1ChHNSdv6Y8XjgicpKHr1jhS77hYb7NThu',0,0,'2'),('1ChUDe6MbweSZZKW5CRAVE9vSTJFZ4wdW2',0,0,'2'),('1CiDKpjTCiEtSepZGXStbuCsRBJxXoSKf',0,0,'2'),('1Cjqj4miqzt7Zie9x4GxDYjeas7VRMgSV2',0,0,'2'),('1CjxXenDxBVHcTpp1ALsMN9e73QLPoUCqk',0,0,'2'),('1CLrH3rDS9tAEFsvWt6zNB3N7Bk1TV7qyv',0,0,'2'),('1CMfbMnhFT2kmrpTrSxejJfWGWfJhPRyiM',0,0,'2'),('1Cp1NJEQW2yBRYNVEBGd65N69tqsxvGN9e',0,0,'2'),('1CqGZtfeXhcRjRm5wydrp4z7XkUjGsb52U',0,0,'2'),('1CQwScskoHXN68BA3YBW4dX497KG8RoSnD',0,0,'2'),('1CRNNUahQvuGYq4UzsokSukY4makohWoua',0,0,'2'),('1CT57CiEhMiwH8xtenHZBXLpFYCoesfHX9',0,0,'2'),('1Ct7aczWkpX5pa4u9Vb6sJBRRWNWbygkze',0,0,'2'),('1CTME32rBkerG31mDiAbnthB9fjgydviyL',0,0,'2'),('1CTRByRW4o5tunNYcNxSG18t3Kj8mB3Udv',0,0,'2'),('1CV6aY6yRU9DLoTBDZJTkgJ6HsTGx9t3rp',0,0,'2'),('1CVafH2WHTTJ3fLXGGnDhs5FigzwQcx1e5',0,0,'2'),('1Cvj7RFEBE4YXP6JNn5mMC7cgoZvDKYanx',0,0,'2'),('1CVriryLc69k1Zt8ybH6hPd9MaPkqke8iA',0,0,'2'),('1D1f646zvKgb4UpA7mtAvqwxeL3omZ7hop',0,0,'2'),('1D4JWAuJXFKMNAJsfHB9d9FYi5xYrrTgMY',0,0,'2'),('1D5i9TVe9Wq55QQaG15zLTJJCKeWFFxf52',0,0,'2'),('1DAcDf4yfufmKmVAAMGTY7JFcxRiQKeGg4',0,0,'2'),('1DaQGJ5hDJWKBc6zLDbDzZ85MozmLGHC87',0,0,'2'),('1DAQT1Gq5nhAKCTWyAEuyhQZxDCXUkp4qw',0,0,'2'),('1DBi8CfnwYFNKYqU9vcgQEXRCD5a8pHATN',0,0,'2'),('1DbJKrYmnbFveTxveYMNvRiWzRhWHKW1NR',0,0,'2'),('1DeQm2wCR25z7chV3S7doG4QFFF9HTMqAy',0,0,'2'),('1DfH2oARkwevuEJzGCwmsj5vf6w4uretrM',0,0,'2'),('1DGmJe38kE1jBZgtvkL6NumEr7A98DMTA3',0,0,'2'),('1DH1DQxdxzSUaxq6r8wJ9HrmzQfDagGA9P',0,0,'2'),('1DhKjaiFr9DQurqbfWmvuNTmrdpiz4q8CE',0,0,'2'),('1DHujjKATmfpLYSzKxG3u7QCuFjFu7R8Xc',0,0,'2'),('1DhyzgiwKH3pgG4ekiemMCCLAeEPDfxRNY',0,0,'2'),('1DjziMbgozbCoFk1gcETUA47SToBzFMrJy',0,0,'2'),('1DkMqvKFEQVP5fu5WjmCWMucK2zfWFzxwy',0,0,'2'),('1DkpSpsqZTmz2BhBZJGPo1As4Wx2qUSnJV',0,0,'2'),('1DL16kfwtK664GuhtAXewRtx9dTnfJdn1o',0,0,'2'),('1DL7LwpqtFFF4ypMVknzYz6e8LLga3ERJW',0,0,'2'),('1DMxbmWvye6YgFjzoWSkjDE1bdXHg3YUM8',0,0,'2'),('1DNazmHKXx2Gnv8iHc3EbmA3xhuPFrsAKn',0,0,'2'),('1DnQPn6rc83LCgmwvpoqgLTdf1Mnnw1LYA',0,0,'2'),('1DNqXM3dBvfF14BysuhrwgJV6vkQZ1uS8L',0,0,'2'),('1DPNmuzZ4yHNmwjaaF3HPsyVU1xGcDXcWQ',0,0,'2'),('1DrwLReWuCmwEzubkPsSrh2FEyXn6joUbg',0,0,'2'),('1DSWsG4hcUwqtY8a51cjcy8jxCeXHv3gcc',0,0,'2'),('1Dsz8DtTgAL9AyfdsgZ86PwhcajXpSLDai',0,0,'2'),('1DSZxi8mV7aNMqJt5Jo9JjtFgQLP35eLAx',0,0,'2'),('1DtURtGKtwPVC4TgtmXGSbDgHfjiGc8nMu',0,0,'2'),('1Duk4ftWMNJRTPsEMynKHc88Pk1SH42ZJQ',0,0,'2'),('1DV444tfRajngJXyTFkmaxYV2upwwU1yLd',0,0,'2'),('1DvwqaA3ZAHJYLe8DXE6ELKzreiEfitVVA',0,0,'2'),('1DwtPuM6BXTpeBS2mJFF6YRnZeANxrQMZt',0,0,'2'),('1DwwK8wEtFHrmVmMn2CpqDQ3p2Ta9si3E3',0,0,'2'),('1DxDWqzJniCfdVkCLQUhvQWvwVVCEtdyse',0,0,'2'),('1DxwVu2MW5Sr68zgLmbwp7KQZJhJvZxtkV',0,0,'2'),('1E17jQeN9A2XVbWUch6HzfWBKhZEdinK9L',0,0,'2'),('1E1TiL1UibEFBN415wkPAd8GC62opEimDP',0,0,'2'),('1E2CjdvSon9XEpqMeP9LoAjpGVbtY13jZ3',0,0,'2'),('1E2d9iVaF23k4ETbMFGfrHoZcSJp6bsQfY',0,0,'2'),('1E48muTpUfgxuEFraViCjK8hpSdLkvNnnE',0,0,'2'),('1E4khDSNWPzohDNetGVg2nrPzJ4RKHDTEb',0,0,'2'),('1E5LJjipVgXbJ7xVPALwqNGTeedAfxdQ9o',0,0,'2'),('1E5oU1PYv5UkwzPJSgEiVxi3GjSPspZtvS',0,0,'2'),('1E5RdCMugFfhH93j3Ym9jYQMsJyKiQBSVv',0,0,'2'),('1E6egpmLw14GiqrwaBYUu1eXbNWrvAkyxt',0,0,'2'),('1E6mCB1iAAtYDBH2btXa4w9ifwzm1RaRBE',0,0,'2'),('1E6mEKbEnVWf1PkkKzhWSmTb8xRmrUtAMA',0,0,'2'),('1E6Shd2YWvWMt1ExqHMtfqYqeHJaevQrGJ',0,0,'2'),('1E7kb7TJqSBPANwwFUoxUmyimrPKLgUR39',0,0,'2'),('1E8TMmdfNfsE3fMxSAXozCHxWaUEZaQLeo',0,0,'2'),('1EAGSQQZeJvFUbxQdAgvT4We2td5mfZfhW',0,0,'2'),('1Eb6wFob4kC7G9Rk7zo2LvXfMnsKTwozAF',0,0,'2'),('1EcHWGCEtQzdSpiSp98z2GWvwgKWgrMVoP',0,0,'2'),('1EDPoHaUhJE1ChYUnarYXfeAmeZ3FNfFd5',0,0,'2'),('1EDU1zUFKVvEuBFvV1MrE65HtLxi9Y71PT',0,0,'2'),('1EETsyB3Qsrt1SFXUtB6S98ogfsMZkrCXD',0,0,'2'),('1EfCmHN82FsiEsumtx8xc9uzrHdcR6PsJs',0,0,'2'),('1EFfzz6fYh8bj4stY5nGEMDa2tugdrV9We',0,0,'2'),('1EFg7VJzHUheUYrEUgqYAa8QcejBR8UDKc',0,0,'2'),('1EfHeSxYdFD7zVKBaZcfiPHYbYa1oYYMaU',0,0,'2'),('1EFobhwTW8uKdvrZcRLnjL5vqyaBN3z59V',0,0,'2'),('1EGtPWcGLg7UnidtkozvbKAM4JMeMiPhqA',0,0,'2'),('1EHYVTXriGz42M4JfiXt3KZNmxK3o3oVRv',0,0,'2'),('1Eijr71CDsZGkjCasMSZYKqWYSinSx3zap',0,0,'2'),('1EirMpX3Gs2QQFUJM31SAhKPKWYQPeUmog',0,0,'2'),('1Ejh9f8BSVxjNhKLqCh9LenpEmt6y2g5dK',0,0,'2'),('1ENi2JviMMEHSZfFr2YatRiHtbpWruuZBT',0,0,'2'),('1Eo4XYkndmJvyDLnKQciV72q5G6r9mKugL',0,0,'2'),('1EojWJtpFJCgspqhhNum7temq6MeHp7pbj',0,0,'2'),('1EpctgHMUUCAxVHYxzoMmjkv9Y9KMFDUDV',0,0,'2'),('1EPJ7AWkLdkZzTaQp1hGnmYDNav7VSB1vs',0,0,'2'),('1ETpivCVfoenbjNKJT24vU96MnNdfCvmnC',0,0,'2'),('1EUdQTCkmnB7qtnxjnLr5M5BYDStxjvyC7',0,0,'2'),('1EuXDXVx4WkXNQ9V32wEVgJcUbAw65Afo2',0,0,'2'),('1EuZCpCtND6WSNv8WEM7PdSV6eeRjshqAL',0,0,'2'),('1Evmn5T8o7vTsQP3JoxDWmDSfrRBKXuyjs',0,0,'2'),('1eVPyR5XEhABGRDexQEM4QtGvdLP9PY9c',0,0,'2'),('1ExfLFi7DnW2AfB4fTiAFUYtUkHWsQwzju',0,0,'2'),('1EY3Gu4tKZtoknFq1411TpxHj3qt2C4G9x',0,0,'2'),('1Eybc34iLH5qxEjaHGxYveu5AgStQ1agUe',0,0,'2'),('1F8BhN5E3aKDQkMVRvVhNXVRk8q6it1Qjx',0,0,'2'),('1F8gQV7Mz7xSG8KQDvm9XG2JEmfjCK5P9m',0,0,'2'),('1Fa8G4uKfFMGVMxmkEL2fDV7xocijfypsX',0,0,'2'),('1FaHufVXkE7bX8yfvHZL6JALYZVV4MJgoD',0,0,'2'),('1FajDEPTJQxWA3Gr7nh1VTQzQ1Gzem8qdE',0,0,'2'),('1FbzryUvHkqYnYnRnsYCQCkhBqNiZnuFiP',0,0,'2'),('1FdBVAKfvCE2ak5sEWLNQJwUEVvhT89aoW',0,0,'2'),('1FDCYgDAe7wjUntanhUgJhjK75dyMm4ZQf',0,0,'2'),('1FdjBaYtQvmpvNkpD3r2wasEjBxEjGEKL4',0,0,'2'),('1FF7v1MDzD89sUbdGfQfXakn4XBZSRcEU6',0,0,'2'),('1FFcAD4tmA5Gxx4kpU5acqgcVRqnfw4pDx',0,0,'2'),('1FfD8FAY1VoUykQT6xuzc4XfBmcenpCq11',0,0,'2'),('1Ffdgn8Xg54kdf35AVVgxS8WJWQ33qZaqu',0,0,'2'),('1FFguegbgN1hNMmckje6BfNZTvFvj2b2nU',0,0,'2'),('1FFQv3g2tK9CLrPwF2FDskCHEoVnfYRSVW',0,0,'2'),('1FFWUxESCS4SxxkiUWjf5tSwWm4WGjjEni',0,0,'2'),('1FFzQofXZYF2kq26fdwsny5wkSXXdidAhi',0,0,'2'),('1FGciVSUTk6zMKztJYm6fvRtSjRWBjuKQk',0,0,'2'),('1FhdLXChi36oDbBZ9zf6RrtGB3QUzRrj5Z',0,0,'2'),('1FHm4t67cTYXuqTff6MhNrUAkBY8hMJk9p',0,0,'2'),('1FkAuKAUbezN1XmhHGhA1ZMj3LYv8e4bsL',0,0,'2'),('1FKgyox7s6GyCBQ7TXKT73WcmAM37gNWto',0,0,'2'),('1FMDJ3hMDguppqSjC3F4fSyFXCREhWBen6',0,0,'2'),('1FmJtYDmy94upCQ7SAh6MaQTLdJdVGEmGu',0,0,'2'),('1FmmQHvUN8gat25Xde8WZ21oXFQmwiBP8s',0,0,'2'),('1FNBP3rMGXFbAJfJGEXNjSsVzENgS4WSWc',0,0,'2'),('1Fomn8HLoJ742C9EP9ejTjLRKopNCG7hyH',0,0,'2'),('1Fp9sUxqJJVH9hZxCyKHcNuu2N5vCMY5SR',0,0,'2'),('1FpP53GG4WJywPfNEUYis443pktV7dmJqa',0,0,'2'),('1FpXxNRvygTFLpLZ6KkUvbkKQxAaEUEjsm',0,0,'2'),('1FRFqqgdUhLYZKQVFgqnogEm5zDYtvVC5H',0,0,'2'),('1FrKHDgSbAHyp28Y5GTuTVH8vA4UrS3YxQ',0,0,'2'),('1FsR19HNtzNmqmEm631TV6qkEFEMELWwun',0,0,'2'),('1FtySMF3KCq2XniNevBXDeiMB8T6o4GJTS',0,0,'2'),('1FuthaRjpgm7x1VPHMFBSYfXn5GjwUYo5',0,0,'2'),('1FWdQua3aHUXyo9bAB6XxXV9MCiMQHMxGu',0,0,'2'),('1FwVpwGtqkP7gyR9tYyHCajhEXcReGhVB8',0,0,'2'),('1FXhzNycWMVQfSGnzZRaa4vmocWoCirzKr',0,0,'2'),('1FxiPGAv65LdZsnjUoU7WFi5SycGbrjPAE',0,0,'2'),('1FxN7N3dBEVqyWVc5apDQRBQjFqNoBKG7D',0,0,'2'),('1FxYRoRbfY4JpgL2uUFv4iWiofk6Row5g5',0,0,'2'),('1FYvPjKZP5LNDSp2cyXiTMXpkRmHATRF7s',0,0,'2'),('1FyXjgp8wTw9spp28V13ajTxT61nLiZ8cV',0,0,'2'),('1FZ2f7KxnZ7ST5apfTaEAsMD1kygbuvjVA',0,0,'2'),('1FzQ3YNBY2n4DYQckGwbDrQbCrsTuk8ke8',0,0,'2'),('1G1MNJrfpcRXSZ6ZiMfLgPSyNePvHZcGDN',0,0,'2'),('1G2mj84dG3UWye9XVu2p666MC4f7LVVtxZ',0,0,'2'),('1G3bWP5bhYyPwnDwunTnRcEsLBwo5C4d3E',0,0,'2'),('1G3fH24V8W3Y9qhNZXaLAP16cFhQ23kMtx',0,0,'2'),('1G3V6qYbc4YkvzpTLx2K3kPbeTxkr4kSfz',0,0,'2'),('1G42JrgYoo8DvB61EBXC65beQQKffMi4og',0,0,'2'),('1G4hphC53rvthHR9mpijGjYovutU73GMio',0,0,'2'),('1G5GdSuZsKPtc9SW7zRmWxUieHDzcbYCTn',0,0,'2'),('1G6b95VF8vUGtCK3Bxdimkfs8MxCXodNJr',0,0,'2'),('1G6vwc3mUSPQvDaQb3LmqsW3WkAbZWD8F1',0,0,'2'),('1G9j4unPW2bDsrFKZgrbFyFJbyhPqGPLEu',0,0,'2'),('1G9xjcuZ88eSwERKsLFMwRyRPmXM6ANor2',0,0,'2'),('1GabSpnQuRRaxkbpV8nhPyBPZXmJG58XFX',0,0,'2'),('1GaDjxNBf3t5sGaUpv9Rzon4vZRHvwxkTm',0,0,'2'),('1GANuts9EbnDyvFiDz9D2WtZmHo3ZhageN',0,0,'2'),('1GBfnQyT4YJGNv8rxWqNeFPm69sN4fGANj',0,0,'2'),('1gBzLjHjtebn8XQydhFN6Fogroy3XhZhd',0,0,'2'),('1GcPWndgTshzRNNUGyqznsq97dTLHcPCZe',0,0,'2'),('1GcWd1S15ZcZgFtfyVYRZc3YtWkhpuJtca',0,0,'2'),('1Ger36os5kbquhVRa3yzmgoGVpcbn4g5sy',0,0,'2'),('1GFDyjNHKC9cWAvtwUZVzSh5qYeovKQ5EQ',0,0,'2'),('1Gfs43EenP6kQzxr9YyS3cBohWzwkERWEZ',0,0,'2'),('1GGpDC8MnPkEvMdYyFQwHMftqG2FX1BdEg',0,0,'2'),('1GGrofTDf8Vyx3si11n8wjFWd7PZytX5Qp',0,0,'2'),('1GH5YDTCLxyXRgK7A77t338RBBqD3BivgW',0,0,'2'),('1GHdeaiqk1SmcDhxKNTuypsHoBpmzyuz9S',0,0,'2'),('1GHDeiX6vhePWB2UcJjcd3XRCpt6MUT6D',0,0,'2'),('1GHLsLFEER5qQViokpz6qSPBKyhNwjRneb',0,0,'2'),('1GHv53RWfryRe3df5sWdSs3ztvcRsdRFcd',0,0,'2'),('1GiKDAPgzMMCRPPzLCrzwNaoMVWjjq3Qz7',0,0,'2'),('1GkZQyDFK1uBGWqNpacuVnZkKp4dLMBa2H',0,0,'2'),('1GLUWGDNp334yyrLQa2XmSTJYLin4qtxKu',0,0,'2'),('1Gm4TSvr196GGj9jzTLEiRzWLg2wTiBNSL',0,0,'2'),('1GoxSUZUE2nqDQRv1vDr9otr6n39axJEbZ',0,0,'2'),('1GQf63vGEnQyW7HZwsS2NornQLR7VKACwE',0,0,'2'),('1GrfbVA2nkyEKMKx7UJKNzxZ6yoVvieYf7',0,0,'2'),('1GRHXJSfL76SBvVPMHh68MBF7DrtgzHdTT',0,0,'2'),('1GrmrxSaH5naN7k3cvhbdq3aDixZXK2gjH',0,0,'2'),('1GrWerrHXcVac9hcjaYqzpg8FRMayHipNb',0,0,'2'),('1GtYNgWnRaq9bKwY5KsxbxxZBFWTyz9Pxg',0,0,'2'),('1GubzCKLnzQCLKj49sABVueEVXZGaYepZe',0,0,'2'),('1GUD6kFntKC43jMRoXTCZjA92H25doucgE',0,0,'2'),('1Guf7bt4koAPowhNvySmExa7HSj6XgycLf',0,0,'2'),('1GUgG3E7QTjZGFRCXxKhGBCx7biiLwSLV1',0,0,'2'),('1GureuZ6tYZUviAXyrS8w2Q6VJZmMRp86p',0,0,'2'),('1GuTKBWwndziTGXcNx8wocFMP1M61qsKGM',0,0,'2'),('1GUZ29K6y9S4oPdxMp4x5Yv6CtHmTkriQJ',0,0,'2'),('1Gw1Uaq8WgR1dB2AaWNTuuik62x6bXjjSU',0,0,'2'),('1GWiugDuff4w6AvGtdu7MwRDxYQTZ5szF8',0,0,'2'),('1GWNoMJCeufXpQ6a7tVa5ZVoYhRZ28HhAn',0,0,'2'),('1GYGEHofZeqG3q5sjLapMFa1k6KxW8Pb64',0,0,'2'),('1GyJZJHr8v8Ev7YBcrKEYwTV2zbWfsbn1G',0,0,'2'),('1GYyzJKqCL37NJ8xR6StTSAirWT2dQ3WH6',0,0,'2'),('1GzSMpYqJfgfMmQSg18AtoM2ebF3dGbN5y',0,0,'2'),('1H13FrJjX1oqzCoCqvCVBXoq1qbst69WRb',0,0,'2'),('1h1xMVTFSJMhvBoLgbreHQumFsvacLicJ',0,0,'2'),('1H5ytMGjSmo73Ngb3s6dEAdf2XbshSmuQH',0,0,'2'),('1H7MzUxh9GFdhBhNwuTHEqWyrr3hmqbHg5',0,0,'2'),('1HAatWNw8UPGVPfyrMTbNhaj7SKa3ep6ie',0,0,'2'),('1HbNN2Z6qhxnfjrJcXEz3zR9dDHDiw3zvu',0,0,'2'),('1Hcuwx3EFXDqNYJ8W8D48GCL7uhxk2G45w',0,0,'2'),('1HDCpn5jwjp6nnqWFBty84UN5B6K9ztyx5',0,0,'2'),('1HF1XWbesMwJhLVRs4KuVoFyUkzoZQPVv',0,0,'2'),('1HGB1uHKFT2h3fPsN961KG4HqDKsWSv65m',0,0,'2'),('1HgfC6Y7iKHwDHFxUqgHMeUa9i9FnFuak',0,0,'2'),('1Hgj5rvw7Wrak96bHX2Lnkz4pA3MeZCpoM',0,0,'2'),('1HGKcT52TszXrCdcVjqPhwLqRTiR25fDcr',0,0,'2'),('1HGq87J61bz4qonNqheJqu64K4a4zz2vmS',0,0,'2'),('1HHZoA3eUGWNPB6T8xx5ReZVh54nE7GTMs',0,0,'2'),('1HjZc27CY6VWQGLwvgvkv8xAP33Yy7ZDfv',0,0,'2'),('1hK1zwMz9zwtSm2kpEqV8TwNoWbZeHfRJ',0,0,'2'),('1HKEq9Z6z5HqCzaaZQQNWyCREe5zoGeatw',0,0,'2'),('1HKUovyuggjXE59L8mHEW6KEy89t5CMZxZ',0,0,'2'),('1HL5CEuopJtsk1dpyXogK2Y2JCoxYSyyt7',0,0,'2'),('1HLeuXrMLF8371FpWUh8MsG5NNTStzbpWu',0,0,'2'),('1HMuuTszY8soTCZ97rDmnErPRkX5qJ2sGB',0,0,'2'),('1HpC88UjtfsHDYwwJXbb1ZfVcu8MGUUbnS',0,0,'2'),('1HPnjgcmcourjfnEwEiYR4o9c93uqUB2jQ',0,0,'2'),('1HQNUeULonQyNWfn4BgtTzUmYNSZ4WAV7M',0,0,'2'),('1HsDtvUvk9cvE5tWnWUKpzbdocG38rbBYY',0,0,'2'),('1HSLKeZKSgEcws9uCT7dy4p4ey2Nf2zwTX',0,0,'2'),('1Hsu85NKSe52koV9DAhCmKtMo1HzbLXAC9',0,0,'2'),('1HtCqD7k3b1opBCfYuAVdwLhvHTqFXrLDg',0,0,'2'),('1HUgqGTS3J4Z2oYZpGTrVqYcEA19bqaRQm',0,0,'2'),('1HUinfdwrN1mmEL3sP6EiPu8MrEV1Hm5BC',0,0,'2'),('1HVwUnPxMrQ8KR6UFKMTTqgDG9zGXjYiKQ',0,0,'2'),('1HxkNx1FSGnVaNznYte9pQEMSyJVXssJ81',0,0,'2'),('1HXRq36EX1uqU4Aj5V8G4H8WktYRzehRDT',0,0,'2'),('1HYaY7cP5h73m3g2K3vcZdzNN4EY9xjjwy',0,0,'2'),('1HYvXotqbCo3Bb1buUkDQBnce9jwKd8zZ1',0,0,'2'),('1Hzm64bf7sH2HZH7n99mM2C2xCFiSru6wX',0,0,'2'),('1J1gsA5x34QRn3gwLZEGaAF63r6Mwcfj1A',0,0,'2'),('1J2HTo9dxz9ms8bVqFcgFLePehJz8ZArg5',0,0,'2'),('1J3UhcHW7ypm9PxYrV5p5CNjWuW5a5mSb1',0,0,'2'),('1J4cHWUiLo9VogwE1kpDvKSmMtsYMgj9fP',0,0,'2'),('1J5Yf18BnqDAZHbqhciBZoJoMG2hD7DSoX',0,0,'2'),('1J77x4BKHStGeAGxeg24C54iVT3abCE2B7',0,0,'2'),('1J7zCqxnfZ6qmw7YcSba9XCZ2Wr38Rusbs',0,0,'2'),('1J8pbGZjakSZvcjmKG5tqnQG21w5ZwzevJ',0,0,'2'),('1J8QX4FXrHB4eyehcm97QpxH1VTvNJBwvC',0,0,'2'),('1J8ZcjhJ2fCcnGY1jWrjizUt8C9nZdfiSU',0,0,'2'),('1J9YbnWgSN8QSNnsZp9xkBH1ziQDyNK55X',0,0,'2'),('1JauVPxgemkqraSTd2Mw4s45Qb8Bvc9kst',0,0,'2'),('1JBABcE6pB2gYbqdWb6ymHHhmWyBfzGjms',0,0,'2'),('1JBHQiDd1xeyvhC2ctQAwTt3SGvhSbgMr',0,0,'2'),('1JCnA2dK48B25N3nccbcMEM5XidxHg11sM',0,0,'2'),('1JdTxT8GL8cX48KssaLFeTvcecgdFG1vy1',0,0,'2'),('1JEKmC7A9obQ4ppwBbD1NxftdVdPKWsUBm',0,0,'2'),('1JePt4p86QjPMzX3jrpVhRixtX7do4uBf7',0,0,'2'),('1JEyzRFusWRXeULHKXK1mfVPkNbTEBKPJs',0,0,'2'),('1JFqgbFM9FXLYaPpfzx7jQsEShyirVcBqG',0,0,'2'),('1JGpFDYkidZReYxdbkUWYrH7YQVV1HJs9S',0,0,'2'),('1Jh6GhSzqW5zHUci2r5rXeUq2RQJirhfSv',0,0,'2'),('1JHKPmHRkJRoPPzcH6xaJ1Bw2FEXR2D6UU',0,0,'2'),('1JHVCvCECmNZA67ZbGTuRxzbGe3C9J2ZA2',0,0,'2'),('1Ji2SKghnoQQ4XHuiiYBPUG79xQuWUUo6F',0,0,'2'),('1JjEvnVjdadY9FpfzMW4DK38gabfvcqS6J',0,0,'2'),('1JJMFTnTSDw4oKwsBKPhEDLjDaSh7zUYs8',0,0,'2'),('1JkYtCEPR6LqCN67APt7wFYTrc6pQV8ycL',0,0,'2'),('1JKZxLcFayNC4KcDzPkCYZipQxyXE896Zu',0,0,'2'),('1JLKtUFbk9CupXJNvPExuXRcfufFbKeiUf',0,0,'2'),('1JmGF4kugQLy7MWsErEKBGXeLx74cfrMm5',0,0,'2'),('1JmgVACRKuRX7XQFYPEkZk9rVcapKfUWmT',0,0,'2'),('1Jn9MEH8PRD5eK7wuahrptjnSAphmPCj5m',0,0,'2'),('1JNiM6Aq4NZf8ktcGTX6XGVC4HpemHqb9G',0,0,'2'),('1JnjSBXFAXZ6xLvrxqu2H54fKND7Z6uXZu',0,0,'2'),('1JNWaVB9q7CCjkgLkSrr8soMozQE8b314Y',0,0,'2'),('1JoFmL2cpSYXfxZVpJtBFVPhdBdDDrpiLi',0,0,'2'),('1JoQ4KTzpDinU8AJd68QTmvuRCPJjzoRD1',0,0,'2'),('1JPVsM14B9ZBrv78Cm7yxwv3Q2TvT4gBs8',0,0,'2'),('1JqM7nWAc4ayMX5APWijdJXdnfu57L4xB',0,0,'2'),('1Jr3dnj8Cw1wLSU2mS7ENRdDpWkPcmUc1z',0,0,'2'),('1JS4rNJDkYiyfJkc5zFEAZsiXmyjgjPsBL',0,0,'2'),('1JSbTe1MAa5eF6Te87C72NPmaaySzxuLeg',0,0,'2'),('1JSws1uXY3Gi957iYUHZbjsaQhgBzWvu2Q',0,0,'2'),('1JtDZP3gsLNEXKDA4L74R8hYLoF33zFok4',0,0,'2'),('1JU7mG3RTacCs8VYSMCQiHLiuiVsHcjaAy',0,0,'2'),('1JUPJmbCM3LSFeRYbWmntE1chSzQ1ZdRcb',0,0,'2'),('1JUqnsLkY5mG36PBWDrSqnkg2487aSbt9W',0,0,'2'),('1JUrHo4aTz8rppRR6sFTpRwLBucZsAAYPu',0,0,'2'),('1Juuit5hQ5e2QCCUfqUCXd3DFckqz3gfo5',0,0,'2'),('1JvbAxaYTAazhcwagXGhdiHEP1N8vauyZv',0,0,'2'),('1JvcrBST265Lh5eV85gSmZ4K7MQtMcAVjh',0,0,'2'),('1JvHzua73g7WtM7FhKb2S5HEcdmnvdUJau',0,0,'2'),('1Jvikcz8H2babcAmvhwT95JVNuHmbu4NnV',0,0,'2'),('1JWhwLVmMZAHvQDQzn8HjpiDFauQBcu7hR',0,0,'2'),('1JY5nAX62xXVbGhkabHQBgudczS2qGZ4uE',0,0,'2'),('1JYFm8FkupHY2Jddm1r61cTgZqZXya8D4Q',0,0,'2'),('1Jyh7UzmKJvrCVbsSQSAdRxrLQe4uJDA8r',0,0,'2'),('1K2FyBboHmBqV39zHDADWyLvcCnsMXjU9u',0,0,'2'),('1K4RLKkVcQJX5nT9FKgSGXr8Yxd7kvhK8M',0,0,'2'),('1K4ti9vGhiE88QKpBJfgyrQmbcuhKtw5JX',0,0,'2'),('1K8g6KLh4m62zbvuEW53XUWC5E5cWYQ4WX',0,0,'2'),('1K8m4hbYNnP29WUHsU28yJ1BUt3yE7RWT7',0,0,'2'),('1K9aeaRvpNxSejPBAhZrYQ5TPz1EWyPW2b',0,0,'2'),('1K9rYWKdiZ6BQjHkDU5eVxzWuwJ7anicL6',0,0,'2'),('1KacebRW8rwUgpf9F6zGbe1hrLXQXcnvs',0,0,'2'),('1Kak3DQMXygjFFYKm7n3Ku2Qprmfr867q6',0,0,'2'),('1KAZWUfBog2PXydDRE9z95ac4nYQ4ehNyJ',0,0,'2'),('1KB1PyPiu8oNfvhpBeV9Ct2D6ysnhgB83G',0,0,'2'),('1KBAcoLmT8UUSEPNxm9EMgoZySzQ48xEft',0,0,'2'),('1KCfubrRoQGvrAo66wcdbWZN7H9hTfPXbo',0,0,'2'),('1KcNMnSiMHMqFJ8X2HHn8N82XRF1nsyy1B',0,0,'2'),('1KczwDABiVhPoTg3Wep1tQqCqE6DThfS28',0,0,'2'),('1KDuVfSBGqtXS8s9SfMXH3es9aiJRU6hsW',0,0,'2'),('1KEg51BKQUBYSZ4rEdCzj1Hsem6EVV1okY',0,0,'2'),('1KfPaUtNx7thyLMNFrMuMU6L836L8VuRqy',0,0,'2'),('1KGkoF8XxzcmXrAGfSW4z4GoLPXs4SxiBW',0,0,'2'),('1KgyFKVosCDfzaKbQ6r5b6VQtr3EzPVCzR',0,0,'2'),('1KHeHkcW6e17pEPcFE8QFeaCTyZT7rmbag',0,0,'2'),('1KhyTixrKfDZxstGnH2EWAQoU4EVzfmJtc',0,0,'2'),('1Kiq7Qcwz14Myr3wYBdaZDYR4KiUmebcUq',0,0,'2'),('1Kj2cVeRUjo8H8AAwCQo3g4SRXmGQmd9Eb',0,0,'2'),('1KJA1g6WMvxRWUYZJrSjbq9xvwjADTvmYu',0,0,'2'),('1KjKzGx6UqXWikNEtf2CfSNg4ABq2vA6ZB',0,0,'2'),('1KjvdzJvNBwUtPCeUw4jEVZTdza2mUNjqG',0,0,'2'),('1Kk4R6dSbZbHLUKynv1UJnQ9knTdW9YnKT',0,0,'2'),('1KnQBBc5Yk6qD2FKQABVRPch7DDVtrMGKq',0,0,'2'),('1KNuRihM2XjNCMMCxi9rBfA5B77MkzXEP9',0,0,'2'),('1KPNG12d1idesu13wKy1oNL5V3HtjD5JKH',0,0,'2'),('1KPUcy1ep8E5MP6idtpoXVx6MueMPqUnYE',0,0,'2'),('1KQgsGh2uFXvsa71yLLUkSsxyz6D22b5he',0,0,'2'),('1KsYEbxaoBtD32zKqYPFF7j3s6MUXNFtde',0,0,'2'),('1Kun2Jc4LPoJBM4aEz2csXKKvN9cnaeJvv',0,0,'2'),('1KVAFay8RTDQwcYVWD73rMyxZhe4xyvpUK',0,0,'2'),('1KWuEfBSqn7BBYVCPBEWrQGNi3GhtSGwqi',0,0,'2'),('1Kwymdj6Cku2NvWE4W5PMPS21N4zAr92XL',0,0,'2'),('1KyF6Fne4muHmj8kBVn8qMP6jGSyff5Q5S',0,0,'2'),('1L26Ng6tq5q2uafhFWd7SNzd9KLwSvFowd',0,0,'2'),('1L2JWvaZNNsANxAYkbgSxGz1xv9K7ATkcB',0,0,'2'),('1L2nxwobhFCMFKyWYifiptidyc4GUm3deS',0,0,'2'),('1L31dfQSVvGsNkust2QoTMMv7WXasBZNaT',0,0,'2'),('1L3yZxpCMpyBD7oiEr2y5apJxoUbSNayWU',0,0,'2'),('1L4QvT1yCZ6UxsYvme4zucwaTWSnSNhy8b',0,0,'2'),('1L4rHCgbEoUT4eChCT82KY8dNKbxS29atN',0,0,'2'),('1L5NWjaWsqRhAB4EbF6WAXUFUdT7yGfari',0,0,'2'),('1L63JuRb6jzhHiBmXSBG1SQkFJz5SpSb5Q',0,0,'2'),('1L6QSP35Qaca9skifGBcmVMEwvUcAdsgvz',0,0,'2'),('1L7prXLg9wbgU9koGxbFhQUhNC8eJPUCZC',0,0,'2'),('1L8egHKHpJyfgauJx5EJFmCW2Jztb3r1Ds',0,0,'2'),('1LAhL2oKm25SbyDL1uMVbWbBrVc6JkzyGU',0,0,'2'),('1LAuWCgFfMf8N9y1wci2cxJr9hAJtaEMUx',0,0,'2'),('1Lbap1cMhst34b739cR7wMirEXi1AK2uvC',0,0,'2'),('1LBP3M3cAPnesTywnkdVnACheauZuJpp53',0,0,'2'),('1Ld23AjomuqvAW6NNSL3z6Lbf7dAJ2bwRZ',0,0,'2'),('1LDGhRR61peUuMmm1Ujh4mMThV6k6Mynvx',0,0,'2'),('1LE4CPR43EbzZrTWNUfyK8rq8pPmMVSF9T',0,0,'2'),('1LfCEWm6Evk2cCVnB57zd23rLR93ZdjLw1',0,0,'2'),('1LGosrbNQrC1YSiFLe38dEtEVqyVXgRBex',0,0,'2'),('1LgQSZ8qFjUcWDKpQg27WJWQjJjnUYSfJv',0,0,'2'),('1LGsaS2CTaZHJUtwCwqQrQdfJMqVNgM1LH',0,0,'2'),('1LhaRp6Qihqnd5rRyrun2Aqud7fNUYeqju',0,0,'2'),('1LHmLRKJYFkrRcn175pfG4JVW1urhuYYCy',0,0,'2'),('1LiputLRToPs2ZyXbLHqeCnMqqUGvYf5N3',0,0,'2'),('1LjceS4mJCnsB49Fce91LCbKB7Yf82upTQ',0,0,'2'),('1LJdvjbn94xTcPuYt4QST7FdgDSuUhs9pH',0,0,'2'),('1LkFTkJLC4Vj3N94Jor2ZmErEyyzSP6oFJ',0,0,'2'),('1LLmXVHdtKFjCyyNLD7iKE49s1GNdwLPZR',0,0,'2'),('1LLYQhK3DdwSjusfghqh91Jf9k8MVh1nNk',0,0,'2'),('1Ln4fiUnHMhwx1z3bacYeh2RSMac6Q7kky',0,0,'2'),('1LNLiNd8YTDG9YRfdEgdYBt6W6HeyHXvmn',0,0,'2'),('1LoUdnoKsmewkR2kSnxTPjcecwesyqoyiw',0,0,'2'),('1LP3NJ2JwHywtoCbU8AwuUEZFyZkkFE1Zf',0,0,'2'),('1LPGftgZ3kJRTA7DdHzwcDbn8VVTnVRCn8',0,0,'2'),('1LpPScGkmeY6nj1Ve2NWNwDQgGzj3jnwd4',0,0,'2'),('1LQd9ZiKmpDri3sbRWNwuPLeHyFcVM86Pn',0,0,'2'),('1LQZDDcg12hky4cQQKqm7581NiWXUxYWLf',0,0,'2'),('1LR48avyaHde6SkS6zGN5fbZ3pAVeJ2zNn',0,0,'2'),('1Ls47eami9ZhosVzegjDzm384btRXZss2G',0,0,'2'),('1Lser4NMKs6PYh98btPZqcZPXkFd8vaUJw',0,0,'2'),('1LSrjWnrumXUeXsurf4k3sDue1Emm4itUG',0,0,'2'),('1Lt9yGn5DauoHGVeU9pfbcUSLhY7ECGvMC',0,0,'2'),('1LTppQcbodTr3uS1MePY3Beny76vq5V3no',0,0,'2'),('1LuhwdmesfCBwATrhqUX8m2u9onqYFRAG7',0,0,'2'),('1LuKFU9Kqf2bkBT9XBz5Na2sbNmxA7bv5Q',0,0,'2'),('1LvRoKRood7AiDRHo2pP6TVGJpeugzbJLy',0,0,'2'),('1LVsoBDaeT3f6NdDvCBft5qw9FyDRw9Jm6',0,0,'2'),('1LvyNwhF61oFKARY3HbkjTiuzZQWYyamLg',0,0,'2'),('1LwdQSWNoV66tnhyqbCVo9xTiVSvD1Lz2n',0,0,'2'),('1LWeiVZ6ezbsG49kR3X8HozeMh3KZFDq8e',0,0,'2'),('1Ly6PaRyt9CWAbgggSZQbExdcaSeBqxu9V',0,0,'2'),('1LYAPC3oLriEhe1aaAeat3sHDtuodYLjSY',0,0,'2'),('1LzATBpNNVVQSh9pK3mBHUFd6TJXMHPfE4',0,0,'2'),('1M12ezGdgpceFvc2psqX4dkomYNEZgQPtg',0,0,'2'),('1M1DJ37Ptt3RuqJmS4sXRGqWEaUzB2D8kZ',0,0,'2'),('1M1yq797K2TDEcSyMHArKynzDTunGurvmm',0,0,'2'),('1M31rjpLz1k1f5LgsxAwYCH85NmPjuzfnQ',0,0,'2'),('1M48hzACAn8g5W4Eqe8fyNjH8SURsUnHtU',0,0,'2'),('1M4bLKVeonT4pXvR6p5rDeK5RzEyrhb7SS',0,0,'2'),('1M5FGUfeeJ3hB5BQz6fLmZjym6aNZiQfUE',0,0,'2'),('1M8koqK3CM1R7cJSeLzcRhizF7oin7JuFt',0,0,'2'),('1M9T4pHpKEBR71DTqsS1mo2LSUwSTwDnCP',0,0,'2'),('1MAaorEVQ1UgMG8h86QGQdqEYonsLDB9yB',0,0,'2'),('1MAGbd9dWTo76KcVUWjdEbjEShgsv5htcT',0,0,'2'),('1MC3gQHxc2ZchA3TuEx7SEMbeePBrybb5H',0,0,'2'),('1Md3WJ5iRJuMKd1aJ1wNMGBCVJJwLYyw2R',0,0,'2'),('1MG2q1wN4x17rpr1X1x9YxQZr4mKR2gThN',0,0,'2'),('1MgeGVEsfnQsdxHPJymv7vLY2qHsrGqUCM',0,0,'2'),('1MhLSKRs2FEdCDASyHnMvjoWGfnac4VPKR',0,0,'2'),('1MkGWVPcU9joLMvagduyvHYso1k86caGUg',0,0,'2'),('1MKNMZfiGT6U3Y6hT33CpJXKboZv73LFne',0,0,'2'),('1MKyKgZ7zyeVfViqw2e6Cij23hDUETcJpi',0,0,'2'),('1ML6C8wzE5X7K2QeEPPMRDa9xJm4obiQJd',0,0,'2'),('1MM7GcveGZtiUT3TGTcx17pza8NyQM6iYA',0,0,'2'),('1MmD73rPzP4Zz9wCgDTS5fpyQKts9PUxX7',0,0,'2'),('1MmXfHYXSaWR1B33N65x4QjGYvmogZ5RZR',0,0,'2'),('1MNCxAz4MmB27aZTzwHyM7eDa5zDZBiTgx',0,0,'2'),('1MnLV1UzJRx4wPqgrU7W1cgCU9AboW5bLN',0,0,'2'),('1MNRRUJiBQRJrxMM7RAsCcVAj4CfpjWLSj',0,0,'2'),('1MnUd32PFYNZTaWYGenSnqzwdzrdYZNh89',0,0,'2'),('1MpphrNDPZy49TYNA7djBRgZiQP58JtnNf',0,0,'2'),('1MPS4qMJMjRVAtZbb2VV7URALqWtVy7ULw',0,0,'2'),('1MpVKTiKd9RLk3ZBoR6G5DXtW27JozkdbR',0,0,'2'),('1MrcugfaxUwj4uuWHictCH2s6a3rjD8moN',0,0,'2'),('1MrpvD7oW9j3H32N4gsSAtL92BBmUezseq',0,0,'2'),('1MS8vBmgHniSj35HUCLtjVg7tPANMB1BLo',0,0,'2'),('1Msozud9MKm2GbR179mQQTJSj3PZbj9KHT',0,0,'2'),('1MTPRsZnd7Wc24fgtHiDfFZPBL7HMzMwu2',0,0,'2'),('1Mv4nktqp8hRy4b6VyyZTqBAYVXNSCbuXf',0,0,'2'),('1MwDuYiNtuj14GkeYuymKg16mmAaZPs8hS',0,0,'2'),('1MwRdHeBpVV68hkKdLQojzpeFh5gPkDPvN',0,0,'2'),('1MwRraFC8R6q598MCztBeQfRNAKE7bEFLp',0,0,'2'),('1mXjgKWnSGyp6cUUvPegKuef7jXn9ryhs',0,0,'2'),('1Mxpfo3UApdXCzYKp2q7xnaMmXNhHftdjo',0,0,'2'),('1MxsbdnpBfByY5uZgSNVtEndUQEgToZWta',0,0,'2'),('1MXYnKGVk9xbwgR1rpQ33Ko1mvZJWoQdzG',0,0,'2'),('1MYeARDAydsVAPM3aaaEGXoSfoAqPF4oXL',0,0,'2'),('1MZ22Dbn9mzeNg22CvT1RsZTxovSv7t96e',0,0,'2'),('1MZz8pUBdzj74YGMYR5dRXPWexixBKEMAD',0,0,'2'),('1N1Qw1gSdzAHhPTaypE2j4wctiNjRdSJia',0,0,'2'),('1N2zmqNVXgpEJ2rWL5JLPqzBCEc7HRksVp',0,0,'2'),('1N5d1SND28PXmrAuPLHRYxaJbLs8qHhAKQ',0,0,'2'),('1N5LQzEqg89RadahYjZR6WBGubWnFp8BaC',0,0,'2'),('1N6dUT82SwDQVB5tSwm7U1dkZuBXgT27Tn',0,0,'2'),('1N72kRLxtqnYHXkVwmdQN6gy5RM3Lyi2wu',0,0,'2'),('1N7boKKv2dKoZUEWUJFHcZA3FVusXqAzHq',0,0,'2'),('1N7e76q7zEG5THJVgsyhm17wECzvLD7jWE',0,0,'2'),('1N8fJcxzwr2Q7AAzMzkvSFRaMZu7AbgjJe',0,0,'2'),('1N9pXCxxHVucvK7VUvh6qpLdvMcydncaTG',0,0,'2'),('1NAorzD7edq7K7mm2e4uhBx18mNBPP2dXr',0,0,'2'),('1Naqb6n8FFmQq9k56sc117WnB9syZdsA8M',0,0,'2'),('1NAXA3neSBAcEz7ADWBBaR1CYLHaCQZhr9',0,0,'2'),('1NbgCX61k2itUUndC8BVeoqmQmab9cnq49',0,0,'2'),('1NcCuC33AMSyGvMZNBkh8drmbgehy19Qru',0,0,'2'),('1Ncs9cBD2HCs3FvbzVvwx6cNebSYKshKMB',0,0,'2'),('1NDzHhmBM7jsDqCYtkJccwxhL7xawsUUow',0,0,'2'),('1NE9kQTwbyfeiismTjDERAJFVjZx6c3vY5',0,0,'2'),('1NFj8Z8zCDcV7MqwXEiFBW7Vau9hzUTyNW',0,0,'2'),('1Nfq4ukg633uzrF5oataFasjtHpM5RvCND',0,0,'2'),('1NgGNmoJk8jWSngVdtAwHRoKDVh1meD3N8',0,0,'2'),('1NGpJ4RJFBLV99RJzfnNwCW5Ftkie51B6U',0,0,'2'),('1NHAzzJzwLgqrsrp6qcw2MXZNPZPKCRsj4',0,0,'2'),('1NHxyNizPaQ7U9kaYMkNuBpLeUgwbykWPc',0,0,'2'),('1NiQJF4U7m3bNuN3qyKoU2N8AH1NE6qsx4',0,0,'2'),('1NiqjtyJSc2JskWtuWoJgoAGGPZjVAvhMk',0,0,'2'),('1NJFxieYpi9bcupj3GUNSUrTgkuYFdGPjf',0,0,'2'),('1NjLGtkK2kLv3z1F1YkWiENo98RcoyTy8r',0,0,'2'),('1NkHN2LtY5WdUubAs6BuJCaZFJ7iaZLuNe',0,0,'2'),('1NkPpQYf1PqQesjy6ujQ1hyXuoVGmAgYNV',0,0,'2'),('1NkuPs6dc9yfZLCxDZrcd4NT5NwMm1RmAf',0,0,'2'),('1NkwfUhXURsLHt7n9eYB243LDJJv7uSaSb',0,0,'2'),('1NLpj9ysesHndD4QXq1Kd6FvkadT9vLwF2',0,0,'2'),('1NMz3LvezAW99d5CZgXgiYT56iYUwzvmjD',0,0,'2'),('1NNLcmtWPZpGDXDAN1gAT61NvYTS8kYGJN',0,0,'2'),('1NQEiZkV2rMuc9cGf9rhsK8YcawLB7ZVCp',0,0,'2'),('1NqRohXLZigS2Kh22s14vFPEkNiKPq6J1B',0,0,'2'),('1NrBQPEwCt8TsP6bPPfoDkcUcqmr4iFmHe',0,0,'2'),('1NRrVgb7t3vTWC2JVV9zSVPPhxJ8Gos5Bb',0,0,'2'),('1NrZLNM3WhvEdGUMnWqczNAz76ArzHnkku',0,0,'2'),('1NVgqMnapQ5qH99wkjygcEDZyLdBhNhgJ9',0,0,'2'),('1NW95gsAyRxgsXTBoievDWUmqfM3hcBdho',0,0,'2'),('1NwzXrwT6bSvXvbYZW7fS5ZtwsYWvLssP4',0,0,'2'),('1NXPMtiQnX4fC4qNct885udXuCaPCHjtDh',0,0,'2'),('1Ny1QP1dbwdb27tbctN98EeaQWUzSsYNT3',0,0,'2'),('1Ny5JPo7s6n9fRWTfuUMYeR5RJk9XX8Va2',0,0,'2'),('1NYa6wsvSzLy2NU52kHnJeFQB8dbFUbyrd',0,0,'2'),('1NYoytndA6KdogFCVFCX2XrFMt68YhgBWD',0,0,'2'),('1NZj1UVXL3HTsztvBidCa7BykiQnUUnXwZ',0,0,'2'),('1oRxgxU5G6PHreUzRKqAqNSPpXYdA9LC6',0,0,'2'),('1P2hyrQGGwQWC1pEQiWTJzX4b28tBbFbu',0,0,'2'),('1P4mQ7F49pNkMHW8FyhsNbSC9HBbJugp9V',0,0,'2'),('1P4WWZfnXj4zNEKGTp8vbMKP3xL3dJ7U7g',0,0,'2'),('1P51kHCuiPpftpTvLQXMRL11tJQNikayDg',0,0,'2'),('1P8nNWueMpEaGd35Gf14FAMuj9YRzMDDeV',0,0,'2'),('1P8uGDqVhcvZescuk2hC1BdZYErwktigjP',0,0,'2'),('1P8yLW4kbjBqBWEQC6bhof1NY7hzhQ1b8G',0,0,'2'),('1P94HVMvQJQXfSPjDqc7LA8xNrWtDjkhSd',0,0,'2'),('1PeQjAdooAy81HDSdceueiQaCGAwgr9mYj',0,0,'2'),('1PfeLVEp6zXzrv2ERX76oVTsKqwZiUoLFE',0,0,'2'),('1PfGEEZ2b1grVyTB56rhca3koycZydFdoL',0,0,'2'),('1PfoHfj311n1WD5oVc16xHmsD3wFAujX4H',0,0,'2'),('1PFRxWF5M6rDD5YR7859eVFB8VzQoiu4Zn',0,0,'2'),('1PHQ3A95kj3hAHMPDpWoXUGNtt9YG83NG5',0,0,'2'),('1PHuWU7HSXndNw9c5wsCggdUpaFsRqH9qp',0,0,'2'),('1Pj8j8hq2miL5cUCNzcpQd6pRtdds8Ls9W',0,0,'2'),('1PKMdNBRt7J9CRek9UDKtBC8uM8DH8it3Z',0,0,'2'),('1PMNLFpeNfgdfnjo64CN6AcBonRZqsR84z',0,0,'2'),('1PNojoqzQ2rPmi7L19oj9pozA1pYSZie5p',0,0,'2'),('1PNuzu1qpsPpfnAPKVUoP6qc6k3oB4AnLe',0,0,'2'),('1PoDKMC6PosZVEET2rg4ZjfoQEnXnrSgyt',0,0,'2'),('1PPpTpRT1gzRwHvCdRUv44UyK8hEmgdDph',0,0,'2'),('1PPwDtG34DJjBM88wGNouxbeuD5ndg9VX4',0,0,'2'),('1PQdV9YZfELiZsjYrUTgrtAwstY3PtvTH6',0,0,'2'),('1PRJXscUg7KacxGjhsx2Z86gR4PhrsS3Au',0,0,'2'),('1psbSVQsPYVAd3H6fSm6WKQzppiFM8sQy',0,0,'2'),('1PthtePNk35R13SBk9EkykRXQXgGEkL8kt',0,0,'2'),('1PtxGoN5y1evqEn8kL7bthddRJdTB7883S',0,0,'2'),('1PvCEMxKnKMHVgVstt5AVEdCtW2Cq9j7ue',0,0,'2'),('1PWNFDQkNYc1j7AUydqNzwnkjC61Ps3YNH',0,0,'2'),('1PwPJre38FcmSjAzumpU25PznxXg2iruYJ',0,0,'2'),('1PxCcqRzFYSLu42HuQFRpwcbkgvpxFdXPx',0,0,'2'),('1Pxm1KLv4kZjcZ8KdvdRHSjpuVVU6i6wuL',0,0,'2'),('1PYXnfmyGxG8zzsREmPFYiMD1DfAykTTZj',0,0,'2'),('1Pz9SscGuiMHZULPkJgZG9Yc5DLsFJJiC9',0,0,'2'),('1PZCEZYc4vm4LeseWN1ensKskPZc9va8gy',0,0,'2'),('1Q1f5ULcYXNpKbQNf1wUjs7VcAwwH5pzFs',0,0,'2'),('1Q3BmgtChVAq26yNGM3aGBf14h6RzuwFLR',0,0,'2'),('1q3HBg7xYUWEpiDqD1RxegGqhRYrEjovd',0,0,'2'),('1Q3Mmrj5eZGGriNnk6PhxNofgoN3n2eBni',0,0,'2'),('1Q4m18Q7b9VqSZDUrtUkQLifKVp8nXDnUa',0,0,'2'),('1Q71D81fui1pdP6qwLVCZPZ5h7WkjHxWRS',0,0,'2'),('1Q7VCbLC8jD9Zu8pG2h4wRgF4kzGLmFVQH',0,0,'2'),('1QAxAzyBsdxxZ2gSPtQGMoi3JFuhdo6qv6',0,0,'2'),('1QBrTXwuBcVA4CFsqkQT4jiic2G7JmuYWe',0,0,'2'),('1QCbE5NaZwwEFuqSJJknT5JYhiBq6qDV83',0,0,'2'),('1QCBGL66n1s9rTgTxZ7WJjZZ8aTQs7tvHV',0,0,'2'),('1QDp1a3ASmKEkD6aPyizj5oRAc1s7g4dZC',0,0,'2'),('1QEi7drpdCwsveR9JcXXJjzNWzK6SKoNX3',0,0,'2'),('1QEtMmoX8LecEJ6hwg3FejSt4iRxkqjEJK',0,0,'2'),('1QG9WE6KBJnyLzrPARCB5jiKGLju5zk4ht',0,0,'2'),('1QHBZjdQsXmmPoAHUP2dULKr9mcCQv2YY9',0,0,'2'),('1QJFbWWP1SvX2PvR82zYaen3jDnBAWruGG',0,0,'2'),('1QJs5tXfNKJFbHozsqmA92bJsuyBpoC8dL',0,0,'2'),('1qNah8HURQx4wsVJZ1eRCRtTa5WUDGp3D',0,0,'2'),('1QRtsmEjVP5m6Dh7uf67V3ptqBmjNG8vZ',0,0,'2'),('1QxKgjsq52nDeHZbS8F9M4pXFHFSxXMzi',0,0,'2'),('1r2XHwvVyLobgHEMXU9QjstehSizsbfky',0,0,'2'),('1rQd23f8VKnwuAHYmoCHCyxS2CR4yNAYn',0,0,'2'),('1S4R6f3SAX4ayB65V7w2HWkwuWBpWHEYj',0,0,'2'),('1taLx9P6DC4um2zXRW1daCaWfrjfG1cGh',0,0,'2'),('1TuH2U6f1Q1fz53YgJohrUHoLLVPFbnim',0,0,'2'),('1uHYr3dJ3GZ6Yeqay8LyhgxzA8LeTWfpB',0,0,'2'),('1VFCvi4WRhvxpYqbQbLaySF6fR25nHe99',0,0,'2'),('1vo8gYWBS7522L88WU14Mdcb4MvtYBQQh',0,0,'2'),('1woev26ETE4e5jYySGSbgxoYMD8gdJoGM',0,0,'2'),('1Wu5vMzsRjnU8XEjrNw5czmRGVwqsCAdR',0,0,'2'),('1X3qffCqNBfHcmQ6N3eNtFDerA4toWmoJ',0,0,'2'),('1xaV92xGxEBkFWnUXMZb7Wwmvin71FjuQ',0,0,'2'),('1xAWyYLKAwvakz1argpsT81VpYLCeNr8E',0,0,'2'),('1XVR5R5rwoZPrWSU6C3JfhvNGgfiRE8fq',0,0,'2'),('1YeUZ18P9ZW793EzkrUa9EVuBteRgLgSP',0,0,'2'),('1yGvq8XrdC1tvegTN7HCN7pZZmqEs1rQC',0,0,'2'),('1Z7yNgmwJ4NF7YQxzuQux61tXWVHokdpK',0,0,'2');
/*!40000 ALTER TABLE `ACCOUNTS` ENABLE KEYS */;
UNLOCK TABLES;

--
-- Table structure for table `TRANSACTIONS`
--

DROP TABLE IF EXISTS `TRANSACTIONS`;
/*!40101 SET @saved_cs_client     = @@character_set_client */;
/*!40101 SET character_set_client = utf8 */;
CREATE TABLE `TRANSACTIONS` (
  `tranID` int(11) NOT NULL AUTO_INCREMENT,
  `ACCOUNT` varchar(45) NOT NULL,
  `AMT` decimal(38,2) NOT NULL,
  `FEE` decimal(38,2) NOT NULL,
  `TOTAL` decimal(38,2) NOT NULL,
  `TOTALBTC` decimal(38,8) NOT NULL,
  `DATE` timestamp NOT NULL DEFAULT CURRENT_TIMESTAMP,
  `STATUS` int(11) NOT NULL DEFAULT '0',
  PRIMARY KEY (`tranID`)
) ENGINE=InnoDB DEFAULT CHARSET=utf8mb4;
/*!40101 SET character_set_client = @saved_cs_client */;

--
-- Dumping data for table `TRANSACTIONS`
--

LOCK TABLES `TRANSACTIONS` WRITE;
/*!40000 ALTER TABLE `TRANSACTIONS` DISABLE KEYS */;
/*!40000 ALTER TABLE `TRANSACTIONS` ENABLE KEYS */;
UNLOCK TABLES;

--
-- Current Database: `TEST`
--

CREATE DATABASE /*!32312 IF NOT EXISTS*/ `TEST` /*!40100 DEFAULT CHARACTER SET utf8mb4 */;

USE `TEST`;

--
-- Table structure for table `Test`
--

DROP TABLE IF EXISTS `Test`;
/*!40101 SET @saved_cs_client     = @@character_set_client */;
/*!40101 SET character_set_client = utf8 */;
CREATE TABLE `Test` (
  `Name` varchar(145) NOT NULL,
  `Number` int(11) NOT NULL,
  PRIMARY KEY (`Name`)
) ENGINE=InnoDB DEFAULT CHARSET=utf8mb4;
/*!40101 SET character_set_client = @saved_cs_client */;

--
-- Dumping data for table `Test`
--

LOCK TABLES `Test` WRITE;
/*!40000 ALTER TABLE `Test` DISABLE KEYS */;
INSERT INTO `Test` VALUES ('Bojangles',27);
/*!40000 ALTER TABLE `Test` ENABLE KEYS */;
UNLOCK TABLES;
/*!40103 SET TIME_ZONE=@OLD_TIME_ZONE */;

/*!40101 SET SQL_MODE=@OLD_SQL_MODE */;
/*!40014 SET FOREIGN_KEY_CHECKS=@OLD_FOREIGN_KEY_CHECKS */;
/*!40014 SET UNIQUE_CHECKS=@OLD_UNIQUE_CHECKS */;
/*!40101 SET CHARACTER_SET_CLIENT=@OLD_CHARACTER_SET_CLIENT */;
/*!40101 SET CHARACTER_SET_RESULTS=@OLD_CHARACTER_SET_RESULTS */;
/*!40101 SET COLLATION_CONNECTION=@OLD_COLLATION_CONNECTION */;
/*!40111 SET SQL_NOTES=@OLD_SQL_NOTES */;

-- Dump completed on 2020-08-25  5:22:27
